Patient ID,Survival.months,Survival.status,Recurr.months,Recurr.status,Age at Diagnosis,Cohort,Lymph nodes examined positive,Mutation Count,Nottingham prognostic index,Tumor Size,Tumor Stage,Type of Breast Surgery_Breast Conserving,Cellularity_High,Cellularity_Low,Cellularity_Moderate,Chemotherapy_No,ER status measured by IHC_Positve,ER Status_Positive,Neoplasm Histologic Grade_1.0,Neoplasm Histologic Grade_2.0,Neoplasm Histologic Grade_3.0,HER2 status measured by SNP6_Gain,HER2 status measured by SNP6_Loss,HER2 status measured by SNP6_Neutral,HER2 Status_Negative,Hormone Therapy_Yes,Inferred Menopausal State_Pre,Primary Tumor Laterality_Right,PR Status_Negative,Radio Therapy_No,3-Gene classifier subtype_ER+/HER2- High Prolif,3-Gene classifier subtype_ER+/HER2- Low Prolif,3-Gene classifier subtype_ER-/HER2-,3-Gene classifier subtype_HER2+
MB-4000,28.06666667,1,27.7,0,0.7235807235807233,3.0,0.0,0.04444444444444444,0.2353754030400737,0.10614525139664806,0.0,1,1,0,0,1,1,1,0,1,0,0,0,1,1,0,0,0,1,0,0,1,0,0
MB-4001,49.66666667,1,28.72,1,0.6885456885456885,3.0,0.0,0.17777777777777778,0.24458774758175966,0.21787709497206706,0.3333333333333333,0,1,0,0,1,1,1,0,1,0,0,0,1,1,1,0,1,1,0,1,0,0,0
MB-4003,106.5666667,1,26.45,1,0.6284856284856285,3.0,0.0,0.1111111111111111,0.2353754030400737,0.10614525139664806,0.0,0,1,0,0,1,1,1,0,1,0,0,0,1,1,0,0,1,0,0,1,0,0,0
MB-4004,256.8666667,1,253.49,1,0.49764049764049756,3.0,0.0,0.15555555555555556,0.4633809304467988,0.07821229050279331,0.0,1,1,0,0,1,1,1,0,0,1,0,0,1,1,1,0,0,0,0,1,0,0,0
MB-4127,258.1666667,1,254.77,0,0.4002574002574002,3.0,0.14634146341463417,0.15555555555555556,0.9355135882081989,0.21787709497206706,0.6666666666666667,0,1,0,0,0,0,0,0,0,1,1,0,0,0,1,0,1,1,0,0,0,0,1
MB-4140,114.5,1,112.99,0,0.6407836407836408,3.0,0.0,0.2666666666666667,0.4670658682634731,0.1229050279329609,0.3333333333333333,0,1,0,0,1,1,1,0,0,1,0,0,1,1,0,0,0,1,0,0,1,0,0
MB-4146,15.63333333,1,8.36,1,0.23881023881023877,3.0,0.3170731707317073,0.08888888888888889,0.926301243666513,0.10614525139664806,0.3333333333333333,0,0,0,1,0,0,0,0,0,1,0,0,1,1,0,1,0,1,0,0,0,1,0
MB-4154,49.56666667,1,48.91,0,0.3983983983983983,3.0,0.0,0.1111111111111111,0.470290188853063,0.16201117318435757,0.3333333333333333,0,0,0,1,1,1,1,0,0,1,0,0,1,1,0,0,0,0,0,1,0,0,0
MB-4173,160.33333330000002,1,158.22,0,0.6856856856856856,3.0,0.04878048780487805,0.04444444444444444,0.46107784431137716,0.05027932960893855,0.3333333333333333,0,0,0,1,1,1,1,0,1,0,0,0,1,1,1,0,0,0,0,0,1,0,0
MB-4230,115.6,1,114.08,0,0.7079937079937079,3.0,0.0,0.08888888888888889,0.24919391985260259,0.2737430167597765,0.3333333333333333,1,0,0,1,1,1,1,0,1,0,0,0,1,1,1,0,1,1,0,0,1,0,0
MB-4233,36.36666667,1,16.64,1,0.39539539539539525,3.0,0.12195121951219512,0.22222222222222224,0.7005988023952094,0.16201117318435757,0.3333333333333333,0,0,0,1,1,1,1,0,1,0,0,0,1,1,1,0,1,1,0,1,0,0,0
MB-4236,203.7,1,201.02,0,0.6799656799656798,3.0,0.024390243902439025,0.13333333333333333,0.6950713956701982,0.09497206703910616,0.3333333333333333,0,1,0,0,1,1,1,0,0,1,0,0,1,1,1,0,1,1,0,1,0,0,0
MB-4266,33.9,1,17.24,1,0.024024024024023982,3.0,0.0,0.0,0.47719944725932745,0.2458100558659218,0.3333333333333333,0,1,0,0,1,0,1,0,0,1,0,0,1,1,0,1,1,1,1,1,0,0,0
MB-4274,59.93333333,1,47.17,1,0.6858286858286856,3.0,0.07317073170731708,0.13333333333333333,0.4656840165822202,0.10614525139664806,0.3333333333333333,0,1,0,0,1,1,1,0,1,0,0,0,1,1,1,0,1,0,0,1,0,0,0
MB-4276,132.2,1,130.23,1,0.41055341055341044,3.0,0.024390243902439025,0.13333333333333333,0.47259327498848464,0.1899441340782123,0.3333333333333333,0,1,0,0,1,1,1,0,1,0,1,0,0,0,1,0,0,0,0,0,0,0,1
MB-4281,260.03333330000004,1,256.61,0,0.481052481052481,3.0,0.024390243902439025,0.15555555555555556,0.6973744818056196,0.1229050279329609,0.3333333333333333,0,0,0,1,1,1,1,0,0,1,1,0,0,1,1,0,0,1,0,1,0,0,0
MB-4283,174.83333330000002,0,172.53,0,0.4184184184184183,3.0,0.04878048780487805,0.13333333333333333,0.47489636112390604,0.21787709497206706,0.3333333333333333,0,0,0,1,1,1,1,0,1,0,0,0,1,1,1,0,0,0,0,0,1,0,0
MB-4421,264.7666667,1,261.28,0,0.6098956098956099,3.0,0.0,0.2,0.23076923076923078,0.05027932960893855,0.0,0,1,0,0,1,1,1,0,1,0,1,0,0,1,0,0,0,0,0,1,0,0,0
MB-4529,126.46666670000002,1,124.8,0,0.4983554983554983,3.0,0.0,0.1111111111111111,0.002763703362505754,0.07821229050279331,0.0,1,0,1,0,1,1,1,1,0,0,0,0,1,1,1,0,0,1,0,0,1,0,0
MB-4599,191.1666667,0,188.65,0,0.5358215358215357,3.0,0.07317073170731708,0.15555555555555556,0.7052049746660525,0.21787709497206706,0.3333333333333333,0,1,0,0,1,1,1,0,0,1,0,0,1,1,1,0,1,0,0,0,1,0,0
MB-4616,90.13333333,1,81.71,1,0.6450736450736448,3.0,0.0,0.08888888888888889,0.2353754030400737,0.10614525139664806,0.0,1,1,0,0,1,1,1,0,1,0,0,0,1,1,0,0,0,0,0,0,1,0,0
MB-4621,271.8666667,0,68.42,1,0.188045188045188,3.0,0.14634146341463417,0.08888888888888889,0.9415016121602948,0.2905027932960894,0.6666666666666667,0,0,1,0,0,0,0,0,0,1,0,0,1,1,0,1,1,1,1,0,0,1,0
MB-4622,282.8333333,1,279.11,0,0.20692120692120686,3.0,0.04878048780487805,0.06666666666666667,0.7098111469368953,0.2737430167597765,0.3333333333333333,0,1,0,0,0,0,0,0,0,1,0,0,1,1,0,1,1,1,0,0,0,1,0
MB-4639,119.0,1,115.03,1,0.6407836407836408,3.0,0.0,0.04444444444444444,0.470290188853063,0.16201117318435757,0.3333333333333333,1,1,0,0,1,1,1,0,0,1,0,1,0,1,0,0,0,0,0,1,0,0,0
MB-4640,200.6,0,197.96,0,0.5037895037895037,3.0,0.0,0.1111111111111111,0.4679871027176416,0.1340782122905028,0.3333333333333333,1,0,0,1,1,0,0,0,0,1,1,0,0,1,0,0,1,1,0,1,0,0,0
MB-4641,148.56666669999998,1,43.72,1,0.5515515515515516,3.0,0.04878048780487805,0.1111111111111111,0.6936895439889452,0.07821229050279331,0.3333333333333333,0,0,0,1,1,1,1,0,0,1,0,0,1,1,1,0,0,0,0,0,1,0,0
MB-4642,285.7,1,281.94,1,0.5707135707135705,3.0,0.024390243902439025,0.1111111111111111,0.7029018885306311,0.1899441340782123,0.3333333333333333,1,1,0,0,1,1,1,0,0,1,0,0,1,1,1,0,0,0,0,1,0,0,0
MB-4643,41.46666667,1,24.74,1,0.7414557414557413,3.0,0.0,0.1111111111111111,0.4633809304467988,0.07821229050279331,0.0,0,0,1,0,1,0,0,0,0,1,1,0,0,0,0,0,0,1,1,0,0,0,1
MB-4648,168.5333333,1,166.32,0,0.6982696982696982,3.0,0.0,0.0,0.4656840165822202,0.10614525139664806,0.0,0,1,0,0,1,1,1,0,0,1,1,0,0,1,0,0,0,0,1,1,0,0,0
MB-4649,16.83333333,1,16.61,0,0.5049335049335049,3.0,0.0,0.31111111111111117,0.23767848917549522,0.1340782122905028,0.3333333333333333,1,1,0,0,1,1,1,0,1,0,0,0,1,1,0,0,1,1,0,1,0,0,0
MB-4651,30.3,1,17.86,1,0.6234806234806233,3.0,0.0,0.06666666666666667,0.24228466144633815,0.1899441340782123,0.3333333333333333,1,1,0,0,1,1,1,0,1,0,0,0,1,1,0,0,0,1,0,1,0,0,0
MB-4653,48.13333333,1,20.0,1,0.25940225940225936,3.0,0.0,0.13333333333333333,0.47075080608014747,0.1675977653631285,0.3333333333333333,0,0,1,0,1,1,1,0,0,1,1,0,0,1,0,1,0,0,1,0,1,0,0
MB-4655,99.0,1,97.7,0,0.5383955383955383,3.0,0.024390243902439025,0.1111111111111111,0.6941501612160295,0.08379888268156425,0.3333333333333333,0,0,0,1,1,1,1,0,0,1,0,0,1,1,1,0,1,0,1,1,0,0,0
MB-4661,234.2333333,0,231.15,0,0.7829257829257829,3.0,0.0,0.17777777777777778,0.23767848917549522,0.1340782122905028,0.3333333333333333,0,0,0,1,1,1,1,0,1,0,0,0,1,1,0,0,1,0,1,0,1,0,0
MB-4663,239.3333333,0,236.18,0,0.5092235092235091,3.0,0.0,0.08888888888888889,0.47489636112390604,0.21787709497206706,0.3333333333333333,0,0,0,1,1,0,0,0,0,1,1,0,0,0,0,0,0,1,0,0,0,0,1
MB-4665,260.2,0,256.78,0,0.39911339911339905,3.0,0.0,0.04444444444444444,0.4647627821280517,0.09497206703910616,0.0,0,1,0,0,1,1,1,0,0,1,0,0,1,1,0,0,1,0,1,0,1,0,0
MB-4666,111.5666667,1,78.88,1,0.452166452166452,3.0,0.21951219512195122,0.08888888888888889,0.9239981575310916,0.07821229050279331,0.3333333333333333,0,0,0,1,1,1,1,0,0,1,0,1,0,1,1,0,1,1,1,1,0,0,0
MB-4669,119.46666670000002,1,117.89,0,0.6071786071786069,3.0,0.0,0.1111111111111111,0.4656840165822202,0.10614525139664806,0.0,1,0,1,0,1,1,1,0,0,1,0,1,0,1,1,0,1,1,0,1,0,0,0
MB-4670,67.8,1,42.83,1,0.49535249535249526,3.0,0.0,0.13333333333333333,0.2353754030400737,0.10614525139664806,0.0,0,0,0,1,1,1,1,0,1,0,0,0,1,1,0,0,1,0,1,0,1,0,0
MB-4671,34.7,1,8.52,1,0.6595166595166594,3.0,0.0,0.022222222222222223,0.470290188853063,0.16201117318435757,0.3333333333333333,1,1,0,0,1,1,1,0,0,1,0,0,1,1,0,0,0,0,0,1,0,0,0
MB-4673,87.0,1,53.42,1,0.5278135278135277,3.0,0.04878048780487805,0.0,0.4656840165822202,0.10614525139664806,0.6666666666666667,0,0,0,1,1,1,1,0,1,0,1,0,0,1,1,0,1,1,1,1,0,0,0
MB-4674,81.06666667,1,64.97,1,0.6992706992706993,3.0,0.07317073170731708,0.17777777777777778,0.47489636112390604,0.21787709497206706,0.3333333333333333,0,1,0,0,1,1,1,0,1,0,0,1,0,1,1,0,1,0,1,0,1,0,0
MB-4675,263.03333330000004,0,259.57,0,0.4700414700414699,3.0,0.0,0.13333333333333333,0.4647627821280517,0.09497206703910616,0.0,1,0,0,1,1,1,1,0,0,1,0,0,1,1,0,0,0,0,0,0,1,0,0
MB-4679,292.6666667,1,288.82,0,0.5398255398255397,3.0,0.0,0.06666666666666667,0.4633809304467988,0.07821229050279331,0.0,0,0,1,0,1,0,0,0,0,1,0,0,1,1,0,0,0,1,1,0,0,1,0
MB-4685,43.3,1,42.73,0,0.6755326755326753,3.0,0.1951219512195122,0.022222222222222223,0.9401197604790419,0.2737430167597765,0.3333333333333333,0,1,0,0,1,1,1,0,0,1,0,0,1,1,1,0,1,1,0,1,0,0,0
MB-4686,48.43333333,1,42.24,1,0.38138138138138133,3.0,0.07317073170731708,0.022222222222222223,0.7029018885306311,0.1899441340782123,0.3333333333333333,0,0,0,1,1,1,1,0,0,1,0,0,1,1,1,0,0,1,0,0,1,0,0
MB-4687,74.1,1,73.13,0,0.7953667953667952,3.0,0.024390243902439025,0.06666666666666667,0.6959926301243666,0.10614525139664806,0.3333333333333333,0,0,0,1,1,1,1,0,0,1,0,0,1,1,1,0,1,1,1,1,0,0,0
MB-4688,85.3,1,36.97,1,0.6407836407836408,3.0,0.21951219512195122,0.13333333333333333,0.7075080608014739,0.2458100558659218,0.6666666666666667,0,1,0,0,1,1,1,0,1,0,1,0,0,0,1,0,0,0,0,0,0,0,1
MB-4691,282.5666667,1,273.29,1,0.3346203346203346,3.0,0.0,0.33333333333333337,0.46107784431137716,0.05027932960893855,0.0,0,0,0,1,1,1,1,0,0,1,0,0,1,1,0,1,0,1,1,0,1,0,0
MB-4694,198.3,0,195.69,0,0.7107107107107106,3.0,0.0,0.08888888888888889,0.4656840165822202,0.10614525139664806,0.0,1,1,0,0,1,1,1,0,0,1,0,0,1,1,0,0,1,1,0,0,0,1,0
MB-4701,127.53333329999998,0,125.86,0,0.3040183040183039,3.0,0.0,0.15555555555555556,0.4679871027176416,0.1340782122905028,0.3333333333333333,1,1,0,0,1,1,1,0,0,1,0,0,1,1,0,1,0,0,0,0,1,0,0
MB-4702,300.8666667,0,296.91,0,0.36851136851136845,3.0,0.0,0.1111111111111111,0.47259327498848464,0.1899441340782123,0.3333333333333333,0,1,0,0,1,1,1,0,0,1,0,0,1,1,1,0,1,1,1,1,0,0,0
MB-4705,213.1,1,102.66,1,0.5322465322465322,3.0,0.0,0.06666666666666667,0.2385997236296638,0.1452513966480447,0.3333333333333333,0,0,1,0,1,1,1,0,1,0,0,0,1,1,0,0,0,0,1,0,1,0,0
MB-4706,55.66666667,1,54.93,0,0.7024167024167024,3.0,0.0,0.04444444444444444,0.4633809304467988,0.07821229050279331,0.0,1,1,0,0,1,1,1,0,0,1,0,0,1,1,0,0,0,0,0,0,1,0,0
MB-4707,221.2,0,218.29,0,0.47890747890747887,3.0,0.0,0.24444444444444444,0.4689083371718101,0.1452513966480447,0.3333333333333333,1,0,0,1,1,0,0,0,0,1,0,0,1,1,0,0,1,1,0,0,0,1,0
MB-4709,146.7666667,0,144.84,0,0.324038324038324,3.0,0.0,0.06666666666666667,0.2353754030400737,0.10614525139664806,0.0,1,0,0,1,1,1,1,0,1,0,0,0,1,1,0,1,0,0,0,0,1,0,0
MB-4710,57.66666667,0,56.91,0,0.7258687258687259,3.0,0.0,0.24444444444444444,0.46522339935513596,0.1005586592178771,0.0,0,0,0,1,1,1,1,0,0,1,0,0,1,1,1,0,0,0,1,0,1,0,0
MB-4711,31.46666667,1,13.55,1,0.4248534248534248,3.0,0.2682926829268293,0.06666666666666667,0.9626900046061724,0.547486033519553,0.6666666666666667,0,0,1,0,0,0,0,0,0,1,1,0,0,0,0,0,0,1,0,0,0,1,0
MB-4712,249.5333333,1,246.25,0,0.2892892892892893,3.0,0.0,0.06666666666666667,0.47950253339474896,0.2737430167597765,0.3333333333333333,0,1,0,0,1,0,1,0,0,1,0,0,1,1,0,1,1,1,1,1,0,0,0
MB-4714,83.66666667,1,82.57,0,0.5479765479765479,3.0,0.2682926829268293,0.13333333333333333,0.9175495163519116,0.0,0.3333333333333333,0,1,0,0,0,0,0,0,0,1,0,0,1,1,1,0,1,1,0,0,0,1,0
MB-4715,35.23333333,1,23.52,1,0.5925925925925924,3.0,0.024390243902439025,0.13333333333333333,0.7075080608014739,0.2458100558659218,0.3333333333333333,0,1,0,0,0,0,0,0,0,1,0,0,1,1,0,0,1,1,1,0,0,1,0
MB-4717,42.9,1,26.02,1,0.24524524524524516,3.0,0.0,0.04444444444444444,0.4679871027176416,0.1340782122905028,0.3333333333333333,0,1,0,0,1,0,0,0,0,1,0,1,0,1,0,1,1,1,1,0,0,1,0
MB-4719,81.56666667,1,80.49,0,0.5850135850135848,3.0,0.0975609756097561,0.17777777777777778,0.6969138645785351,0.11731843575418996,0.3333333333333333,0,1,0,0,1,1,1,0,1,0,0,0,1,1,1,0,1,0,1,0,1,0,0
MB-4723,211.9666667,0,209.18,0,0.5491205491205491,3.0,0.0,0.06666666666666667,0.4633809304467988,0.07821229050279331,0.0,0,0,0,1,1,1,1,0,0,1,1,0,0,1,0,0,0,1,0,1,0,0,0
MB-4724,146.06666669999998,0,144.14,0,0.4873444873444872,3.0,0.0,0.1111111111111111,0.4656840165822202,0.10614525139664806,0.0,1,1,0,0,1,0,0,0,0,1,1,0,0,0,0,0,0,1,0,0,0,0,1
MB-4725,98.76666667,1,73.06,1,0.5644215644215643,3.0,0.024390243902439025,0.13333333333333333,0.6987563334868723,0.13966480446927376,0.3333333333333333,0,0,0,1,1,1,1,0,0,1,1,0,0,0,1,0,0,0,1,0,0,0,1
MB-4732,149.8666667,0,147.89,0,0.005148005148005119,3.0,0.07317073170731708,0.04444444444444444,0.7075080608014739,0.2458100558659218,0.3333333333333333,1,1,0,0,0,0,0,0,0,1,0,0,1,1,0,1,0,1,0,0,0,1,0
MB-4733,19.73333333,1,10.13,1,0.4277134277134277,3.0,0.0975609756097561,0.1111111111111111,0.9253800092123445,0.09497206703910616,0.3333333333333333,1,0,0,1,0,0,0,0,0,1,0,0,1,1,1,0,0,1,0,0,0,1,0
MB-4735,297.8,0,131.71,1,0.3978263978263977,3.0,0.0,0.04444444444444444,0.24458774758175966,0.21787709497206706,0.3333333333333333,0,0,0,1,1,1,1,0,1,0,0,0,1,1,0,0,0,0,1,0,1,0,0
MB-4737,122.2,0,120.59,0,0.37079937079937075,3.0,0.024390243902439025,0.1111111111111111,0.7079686780285581,0.25139664804469275,0.3333333333333333,0,0,0,1,1,1,1,0,0,1,0,1,0,1,1,0,0,1,1,1,0,0,0
MB-4745,42.66666667,1,29.67,1,0.33919633919633907,3.0,0.024390243902439025,0.31111111111111117,0.7038231229847995,0.2011173184357542,0.3333333333333333,1,0,0,1,0,0,0,0,0,1,1,0,0,0,0,0,1,1,0,0,0,0,1
MB-4750,37.73333333,1,36.58,1,0.6699556699556698,3.0,0.024390243902439025,0.1111111111111111,0.4679871027176416,0.1340782122905028,0.3333333333333333,0,0,1,0,1,1,1,0,1,0,0,0,1,1,1,0,1,0,1,1,0,0,0
MB-4752,125.26666670000002,1,73.68,1,0.5339625339625339,3.0,0.024390243902439025,0.04444444444444444,0.484108705665592,0.3296089385474861,0.6666666666666667,0,1,0,0,1,1,1,0,1,0,0,0,1,1,1,0,1,1,1,0,1,0,0
MB-4762,252.1,0,248.78,0,0.5928785928785927,3.0,0.0,0.1111111111111111,0.2330723169046522,0.07821229050279331,0.0,1,1,0,0,1,1,1,0,1,0,0,0,1,1,0,0,1,0,0,0,1,0,0
MB-4763,102.1,0,100.76,0,0.2532532532532532,3.0,0.024390243902439025,0.06666666666666667,0.7005988023952094,0.16201117318435757,0.3333333333333333,1,0,0,1,0,0,0,0,0,1,1,0,0,0,0,1,1,1,0,0,0,0,1
MB-4767,47.13333333,1,41.22,1,0.6935506935506933,3.0,0.024390243902439025,0.06666666666666667,0.7052049746660525,0.21787709497206706,0.3333333333333333,0,1,0,0,1,1,1,0,0,1,0,1,0,1,1,0,0,0,1,1,0,0,0
MB-4769,21.7,1,7.57,1,0.5648505648505647,3.0,0.0,0.22222222222222224,0.47259327498848464,0.1899441340782123,0.3333333333333333,1,1,0,0,1,0,0,0,0,1,0,0,1,1,0,0,0,1,0,0,0,1,0
MB-4770,152.06666669999998,1,150.07,0,0.6271986271986271,3.0,0.0,0.2,0.4624596959926301,0.06703910614525141,0.0,0,1,0,0,1,0,0,0,0,1,1,0,0,0,0,0,0,1,1,0,0,1,0
MB-4771,297.2333333,0,293.32,0,0.30745030745030744,3.0,0.0,0.04444444444444444,0.23998157531091674,0.16201117318435757,0.3333333333333333,1,0,0,1,1,1,1,0,1,0,0,0,1,1,0,1,0,0,0,0,1,0,0
MB-4779,101.5666667,0,100.23,0,0.3865293865293865,3.0,0.04878048780487805,0.13333333333333333,0.4624596959926301,0.06703910614525141,0.3333333333333333,1,0,0,1,1,1,1,0,1,0,0,0,1,1,1,0,1,0,0,0,1,0,0
MB-4785,121.6666667,1,64.47,1,0.7021307021307018,3.0,0.0,0.08888888888888889,0.23906034085674815,0.15083798882681565,0.3333333333333333,1,1,0,0,1,1,1,0,1,0,0,1,0,1,0,0,0,0,0,0,1,0,0
MB-4787,81.06666667,1,80.0,0,0.6076076076076075,3.0,0.0,0.15555555555555556,0.23998157531091674,0.16201117318435757,0.3333333333333333,0,0,0,1,1,1,1,0,1,0,1,0,0,1,0,0,1,0,1,1,0,0,0
MB-4790,70.46666667,1,28.91,1,0.24839124839124826,3.0,0.0,0.1111111111111111,0.23906034085674815,0.15083798882681565,0.3333333333333333,0,0,0,1,1,1,1,0,1,0,1,0,0,1,0,1,0,1,1,1,0,0,0
MB-4791,173.83333330000002,1,171.55,0,0.8169598169598168,3.0,0.0,1.0000000000000002,0.005066789497927271,0.10614525139664806,0.0,0,0,0,1,1,1,1,1,0,0,0,0,1,1,0,0,0,1,1,1,0,0,0
MB-4792,40.63333333,1,35.1,1,0.3369083369083369,3.0,0.04878048780487805,0.1111111111111111,0.6959926301243666,0.10614525139664806,0.3333333333333333,1,0,1,0,0,0,0,0,0,1,0,0,1,1,0,1,1,1,0,0,0,1,0
MB-4796,128.2666667,0,8.95,1,0.38352638352638346,3.0,0.0,0.06666666666666667,0.23767848917549522,0.1340782122905028,0.3333333333333333,0,1,0,0,1,1,1,0,1,0,1,0,0,0,0,0,1,1,1,0,0,0,1
MB-4800,110.9333333,1,26.84,1,0.4996424996424995,3.0,0.0,0.15555555555555556,0.4679871027176416,0.1340782122905028,0.3333333333333333,0,0,0,1,1,1,1,0,0,1,1,0,0,1,0,0,1,0,1,1,0,0,0
MB-4801,130.36666670000002,1,128.65,0,0.5644215644215643,3.0,0.17073170731707318,0.24444444444444444,0.9332105020727774,0.1899441340782123,0.3333333333333333,0,0,0,1,1,1,1,0,0,1,0,0,1,1,1,0,0,0,0,1,0,0,0
MB-4805,129.8,1,48.36,1,0.27212927212927207,3.0,0.0,0.1111111111111111,0.47259327498848464,0.1899441340782123,0.3333333333333333,0,0,0,1,1,1,1,0,0,1,0,0,1,1,1,1,0,0,1,1,0,0,0
MB-4806,201.7666667,1,199.11,0,0.33476333476333475,3.0,0.024390243902439025,0.06666666666666667,0.46107784431137716,0.05027932960893855,0.3333333333333333,0,0,0,1,1,1,1,0,1,0,0,0,1,1,1,1,0,0,1,0,1,0,0
MB-4809,286.0666667,0,282.3,0,0.24896324896324895,3.0,0.0,0.06666666666666667,0.46292031321971455,0.07262569832402235,0.0,0,1,0,0,1,0,1,0,0,1,1,0,0,1,0,1,0,1,1,0,0,1,0
MB-4814,73.46666667,1,53.06,1,0.19390819390819392,3.0,0.0,0.04444444444444444,0.24919391985260259,0.2737430167597765,0.3333333333333333,0,0,0,1,1,1,1,0,1,0,0,0,1,1,0,1,1,0,1,0,1,0,0
MB-4825,214.4333333,1,211.61,0,0.5658515658515658,3.0,0.0,0.1111111111111111,0.23076923076923078,0.05027932960893855,0.0,0,0,0,1,1,1,1,0,1,0,0,0,1,1,0,0,0,0,1,0,1,0,0
MB-4827,45.7,1,45.1,0,0.7461747461747462,3.0,0.0,0.08888888888888889,0.2362966374942423,0.11731843575418996,0.3333333333333333,0,1,0,0,1,1,1,0,1,0,0,0,1,1,1,0,0,1,1,0,1,0,0
MB-4832,141.7333333,1,125.86,1,0.2728442728442727,3.0,0.0,0.06666666666666667,0.0009212344541685846,0.0558659217877095,0.0,1,0,0,1,1,1,1,1,0,0,0,0,1,1,0,1,0,0,0,0,1,0,0
MB-4849,45.33333333,1,10.86,1,0.7887887887887887,3.0,0.0,0.08888888888888889,0.470290188853063,0.16201117318435757,0.3333333333333333,0,0,0,1,1,1,1,0,0,1,0,0,1,1,1,0,0,1,1,1,0,0,0
MB-4851,90.26666667,1,85.43,1,0.6805376805376805,3.0,0.024390243902439025,0.13333333333333333,0.4679871027176416,0.1340782122905028,0.3333333333333333,0,0,0,1,1,1,1,0,1,0,0,0,1,1,1,0,1,0,1,1,0,0,0
MB-4859,157.8,1,155.72,0,0.6853996853996854,3.0,0.0,0.06666666666666667,0.23399355135882077,0.0893854748603352,0.0,1,0,1,0,1,1,0,0,1,0,0,0,1,1,0,0,1,1,0,0,0,1,0
MB-4862,187.3,0,184.84,0,0.5428285428285426,3.0,0.0,0.2,0.4670658682634731,0.1229050279329609,0.3333333333333333,1,1,0,0,1,1,1,0,0,1,0,0,1,1,1,0,0,0,0,1,0,0,0
MB-4865,229.9,0,226.88,0,0.34806234806234804,3.0,0.0,0.15555555555555556,0.47259327498848464,0.1899441340782123,0.3333333333333333,0,0,1,0,1,0,0,0,0,1,0,0,1,1,0,0,1,1,1,0,0,1,0
MB-4866,224.3,0,221.35,0,0.25025025025025016,3.0,0.0,0.022222222222222223,0.005066789497927271,0.10614525139664806,0.0,0,1,0,0,1,1,1,1,0,0,1,0,0,1,0,1,1,0,1,0,0,0,1
MB-4867,221.9,0,218.98,0,0.29558129558129553,3.0,0.0,0.08888888888888889,0.23767848917549522,0.1340782122905028,0.3333333333333333,0,0,0,1,1,1,1,0,1,0,0,0,1,1,0,1,0,0,1,0,1,0,0
MB-4869,29.3,1,27.66,1,0.5828685828685828,3.0,0.04878048780487805,0.1111111111111111,0.470290188853063,0.16201117318435757,0.3333333333333333,0,1,0,0,1,1,1,0,1,0,0,0,1,1,1,0,0,0,1,0,1,0,0
MB-4870,229.0666667,0,225.23,1,0.44287144287144276,3.0,0.0,0.06666666666666667,0.0073698756333487325,0.1340782122905028,0.3333333333333333,1,0,1,0,1,1,1,1,0,0,0,0,1,1,0,0,1,0,0,0,1,0,0
MB-4871,39.8,1,36.61,1,0.6888316888316887,3.0,0.0,0.15555555555555556,0.24458774758175966,0.21787709497206706,0.3333333333333333,0,1,0,0,1,0,0,0,1,0,1,0,0,0,0,0,0,1,1,0,0,0,1
MB-4878,22.46666667,1,18.13,1,0.7577577577577576,3.0,0.0,0.08888888888888889,0.23767848917549522,0.1340782122905028,0.3333333333333333,0,0,0,1,1,1,1,0,1,0,1,0,0,0,0,0,0,1,1,0,0,0,1
MB-4886,48.16666667,1,31.09,1,0.24395824395824395,3.0,0.024390243902439025,0.2666666666666667,0.7075080608014739,0.2458100558659218,0.3333333333333333,0,0,0,1,0,0,0,0,0,1,1,0,0,0,0,1,1,1,1,0,0,0,1
MB-4887,35.4,1,9.05,1,0.3679393679393679,3.0,0.07317073170731708,0.22222222222222224,0.7019806540764624,0.1787709497206704,0.3333333333333333,0,0,0,1,1,1,1,0,0,1,1,0,0,1,1,0,1,1,1,0,1,0,0
MB-4888,230.5,0,227.47,0,0.5375375375375375,3.0,0.0,0.15555555555555556,0.463841547673883,0.08379888268156425,0.0,1,1,0,0,1,0,0,0,0,1,0,0,1,1,0,0,1,1,0,0,0,1,0
MB-4893,176.7,0,174.38,0,0.09552409552409546,3.0,0.07317073170731708,0.1111111111111111,0.6959926301243666,0.10614525139664806,0.3333333333333333,0,0,1,0,0,0,0,0,0,1,0,0,1,1,0,1,0,1,1,0,0,1,0
MB-4894,232.4,0,229.34,0,0.3053053053053053,3.0,0.0,0.06666666666666667,0.47259327498848464,0.1899441340782123,0.3333333333333333,0,0,0,1,1,1,1,0,0,1,0,0,1,1,0,1,0,0,1,1,0,0,0
MB-4896,64.86666667,1,16.58,1,0.21693121693121686,3.0,0.0,0.08888888888888889,0.470290188853063,0.16201117318435757,0.3333333333333333,0,0,1,0,1,0,0,0,0,1,1,0,0,0,0,1,0,1,1,0,0,0,1
MB-4899,275.7333333,0,123.91,1,0.19862719862719858,3.0,0.0,0.15555555555555556,0.2353754030400737,0.10614525139664806,0.0,1,1,0,0,1,1,1,0,1,0,0,0,1,1,0,1,0,0,0,0,1,0,0
MB-4900,224.6,0,221.64,0,0.3038753038753038,3.0,0.0,0.08888888888888889,0.23445416858590512,0.09497206703910616,0.0,0,1,0,0,1,1,1,0,1,0,0,0,1,1,1,1,0,1,1,1,0,0,0
MB-4906,233.8666667,1,230.79,0,0.6673816673816674,3.0,0.04878048780487805,0.04444444444444444,0.23813910640257946,0.13966480446927376,0.3333333333333333,0,0,0,1,1,1,1,1,0,0,0,0,1,1,1,0,1,0,1,1,0,0,0
MB-4908,47.9,1,40.43,1,0.6221936221936222,3.0,0.07317073170731708,0.17777777777777778,0.7052049746660525,0.21787709497206706,0.3333333333333333,0,0,0,1,1,1,1,0,0,1,1,0,0,0,1,0,0,0,0,0,0,0,1
MB-4911,31.43333333,1,23.09,1,0.24524524524524516,3.0,0.04878048780487805,0.06666666666666667,0.6936895439889452,0.07821229050279331,0.3333333333333333,0,1,0,0,0,0,0,0,0,1,0,0,1,1,0,1,0,1,0,0,0,1,0
MB-4912,50.0,1,22.96,1,0.741169741169741,3.0,0.07317073170731708,0.04444444444444444,0.46936895439889453,0.15083798882681565,0.3333333333333333,1,1,0,0,1,1,1,0,1,0,0,0,1,1,1,0,1,0,0,1,0,0,0
MB-4929,40.0,1,12.53,1,0.4737594737594737,3.0,0.14634146341463417,0.2,0.9290649470290189,0.13966480446927376,0.3333333333333333,0,0,0,1,1,1,0,0,0,1,1,0,0,0,1,0,1,1,0,0,0,0,1
MB-4930,58.43333333,0,57.66,0,0.5158015158015157,3.0,0.04878048780487805,0.1111111111111111,0.7005988023952094,0.16201117318435757,0.3333333333333333,0,1,0,0,1,1,1,0,0,1,1,0,0,0,1,0,0,1,0,0,0,0,1
MB-4933,272.9,0,21.55,1,0.3492063492063492,3.0,0.0,0.022222222222222223,0.23998157531091674,0.16201117318435757,0.3333333333333333,0,1,0,0,1,1,1,0,1,0,0,0,1,1,0,0,1,1,1,1,0,0,0
MB-4934,70.23333333,0,69.31,0,0.6934076934076933,3.0,0.0975609756097561,0.2,0.699677567941041,0.15083798882681565,0.3333333333333333,0,1,0,0,1,1,1,0,1,0,0,0,1,1,1,0,1,0,0,1,0,0,0
MB-4935,194.2,0,191.64,0,0.1428571428571428,3.0,0.07317073170731708,0.06666666666666667,0.6973744818056196,0.1229050279329609,0.3333333333333333,0,0,0,1,0,0,0,0,0,1,1,0,0,0,1,1,0,1,1,0,0,0,1
MB-4937,77.23333333,1,32.14,1,0.21063921063921065,3.0,0.0,0.08888888888888889,0.4656840165822202,0.10614525139664806,0.0,0,1,0,0,1,1,1,0,0,1,0,0,1,1,0,1,1,0,1,1,0,0,0
MB-4938,70.6,1,27.96,1,0.10810810810810811,3.0,0.024390243902439025,0.6444444444444445,0.4679871027176416,0.1340782122905028,0.3333333333333333,1,1,0,0,0,0,0,0,1,0,0,0,1,1,0,1,0,1,0,0,0,1,0
MB-4941,58.63333333,1,53.78,1,0.4427284427284427,3.0,0.0,0.04444444444444444,0.2353754030400737,0.10614525139664806,0.0,1,0,0,1,1,1,1,0,1,0,0,0,1,1,0,0,0,0,0,0,1,0,0
MB-4942,124.1333333,1,122.5,0,0.4854854854854854,3.0,0.0,0.1111111111111111,0.4689083371718101,0.1452513966480447,0.3333333333333333,1,0,1,0,1,0,0,0,0,1,1,0,0,1,0,0,1,1,0,0,0,1,0
MB-4944,237.2666667,1,234.14,0,0.7351637351637349,3.0,0.0,0.08888888888888889,0.23445416858590512,0.09497206703910616,0.0,1,1,0,0,1,1,1,0,1,0,0,0,1,1,0,0,0,0,0,1,0,0,0
MB-4950,150.6,1,148.62,1,0.6239096239096237,3.0,0.29268292682926833,0.08888888888888889,0.9309074159373558,0.16201117318435757,0.3333333333333333,0,0,0,1,1,1,1,0,0,1,0,0,1,1,1,0,0,0,0,0,1,0,0
MB-4952,184.4,0,181.97,0,0.5832975832975833,3.0,0.0,0.2,0.46614463380930443,0.111731843575419,0.3333333333333333,1,0,0,1,1,0,0,0,0,1,1,0,0,0,0,0,0,1,0,0,0,0,1
MB-4956,69.3,1,36.97,1,0.6141856141856141,3.0,0.0975609756097561,0.022222222222222223,0.9447259327498849,0.3296089385474861,0.6666666666666667,0,1,0,0,1,1,1,0,0,1,0,0,1,1,1,0,0,1,0,1,0,0,0
MB-4959,117.5666667,1,115.26,1,0.7231517231517232,3.0,0.0,0.15555555555555556,0.0018424689083371693,0.06703910614525141,0.0,1,0,0,1,1,1,1,1,0,0,0,0,1,1,1,0,0,0,1,0,1,0,0
MB-4961,219.4666667,0,216.58,0,0.4372944372944372,3.0,0.0,0.2,0.23767848917549522,0.1340782122905028,0.3333333333333333,1,0,0,1,1,1,1,0,1,0,0,0,1,1,0,0,1,0,0,0,1,0,0
MB-4967,130.7,1,128.98,0,0.49764049764049756,3.0,0.024390243902439025,0.1111111111111111,0.4633809304467988,0.07821229050279331,0.3333333333333333,0,0,0,1,1,1,1,0,1,0,0,0,1,1,1,0,1,0,0,0,1,0,0
MB-4969,198.1,1,195.49,0,0.7214357214357213,3.0,0.0,0.35555555555555557,0.23767848917549522,0.1340782122905028,0.3333333333333333,1,1,0,0,1,1,1,0,1,0,0,0,1,1,0,0,1,0,0,1,0,0,0
MB-4974,176.1,1,173.78,0,0.5548405548405547,3.0,0.0,0.08888888888888889,0.4647627821280517,0.09497206703910616,0.0,1,0,0,1,1,0,0,0,0,1,0,0,1,1,0,0,0,1,0,0,0,1,0
MB-4986,79.8,1,9.11,1,0.20935220935220933,3.0,0.0,0.15555555555555556,0.24919391985260259,0.2737430167597765,0.3333333333333333,1,1,0,0,1,1,1,0,1,0,0,0,1,1,0,1,1,1,0,1,0,0,0
MB-4987,221.7666667,1,218.85,0,0.7151437151437151,3.0,0.0,0.13333333333333333,0.2353754030400737,0.10614525139664806,0.0,0,0,1,0,1,0,1,0,1,0,0,0,1,1,0,0,1,1,1,0,1,0,0
MB-4991,126.8666667,0,125.2,0,0.7260117260117259,3.0,0.024390243902439025,0.06666666666666667,0.7052049746660525,0.21787709497206706,0.3333333333333333,0,1,0,0,1,1,1,0,0,1,1,0,0,1,1,0,1,1,1,1,0,0,0
MB-4993,75.23333333,1,63.55,1,0.10281710281710277,3.0,0.0975609756097561,0.31111111111111117,0.9401197604790419,0.2737430167597765,0.3333333333333333,1,1,0,0,0,0,0,0,0,1,0,0,1,1,0,1,0,1,0,0,0,1,0
MB-4994,174.1333333,1,171.84,0,0.7318747318747317,3.0,0.0,0.1111111111111111,0.2362966374942423,0.11731843575418996,0.3333333333333333,1,1,0,0,1,1,1,0,1,0,0,0,1,1,0,0,0,0,0,1,0,0,0
MB-4996,99.76666667,1,98.45,0,0.6190476190476191,3.0,0.024390243902439025,0.22222222222222224,0.23445416858590512,0.09497206703910616,0.3333333333333333,0,0,1,0,1,1,1,1,0,0,0,0,1,1,1,0,1,0,1,0,1,0,0
MB-4999,187.9333333,0,185.46,0,0.2642642642642643,3.0,0.0,0.1111111111111111,0.23998157531091674,0.16201117318435757,0.3333333333333333,0,0,0,1,1,1,1,0,1,0,0,0,1,1,0,1,1,0,0,0,1,0,0
MB-5001,81.8,1,17.86,1,0.647075647075647,3.0,0.024390243902439025,0.17777777777777778,0.46614463380930443,0.111731843575419,0.3333333333333333,0,1,0,0,1,1,1,0,1,0,0,0,1,1,1,0,0,1,1,1,0,0,0
MB-5004,216.7333333,0,213.88,0,0.23566423566423567,3.0,0.04878048780487805,0.35555555555555557,0.7038231229847995,0.2011173184357542,0.3333333333333333,0,1,0,0,0,0,1,0,0,1,0,0,1,1,0,1,0,1,0,0,1,0,0
MB-5008,223.3,0,220.36,0,0.5634205634205633,3.0,0.04878048780487805,0.06666666666666667,0.7144173192077383,0.3296089385474861,0.6666666666666667,1,1,0,0,0,0,0,0,0,1,0,0,1,1,0,0,0,1,0,0,0,1,0
MB-5013,251.2,1,247.89,0,0.6034606034606034,3.0,0.024390243902439025,0.04444444444444444,0.4656840165822202,0.10614525139664806,0.3333333333333333,1,1,0,0,1,1,1,0,1,0,0,0,1,1,1,0,0,0,0,0,1,0,0
MB-5015,252.3,1,248.98,0,0.2574002574002573,3.0,0.0,0.08888888888888889,0.46660525103638867,0.11731843575418996,0.3333333333333333,1,1,0,0,1,1,1,0,0,1,0,0,1,1,0,1,1,0,0,0,1,0,0
MB-5017,144.93333330000002,0,143.03,0,0.5648505648505647,3.0,0.14634146341463417,0.06666666666666667,0.9235375403040071,0.07262569832402235,0.3333333333333333,0,0,0,1,1,1,1,0,0,1,0,0,1,1,1,0,0,1,0,1,0,0,0
MB-5018,108.6,1,107.17,0,0.6543686543686543,3.0,0.07317073170731708,0.04444444444444444,0.470290188853063,0.16201117318435757,0.3333333333333333,0,1,0,0,1,1,1,0,1,0,0,0,1,1,1,0,0,0,1,1,0,0,0
MB-5019,37.8,1,28.75,1,0.3363363363363363,3.0,0.0,0.06666666666666667,0.46199907876554586,0.061452513966480445,0.0,1,0,0,1,1,0,0,0,0,1,1,0,0,1,0,1,1,0,0,0,0,0,1
MB-5039,62.13333333,1,40.56,1,0.5911625911625911,3.0,0.024390243902439025,0.022222222222222223,0.7121142330723169,0.3016759776536313,0.6666666666666667,0,1,0,0,1,1,1,0,0,1,1,0,0,0,1,0,0,1,0,1,0,0,0
MB-5040,79.16666667,1,78.13,0,0.6630916630916631,3.0,0.0,0.06666666666666667,0.47489636112390604,0.21787709497206706,0.3333333333333333,0,1,0,0,1,1,1,0,0,1,0,0,1,1,1,0,0,1,1,1,0,0,0
MB-5041,173.93333330000002,0,171.64,1,0.27227227227227224,3.0,0.0,0.022222222222222223,0.4656840165822202,0.10614525139664806,0.0,1,0,0,1,1,1,0,0,0,1,0,0,1,1,0,1,0,1,0,0,0,1,0
MB-5044,139.43333330000002,0,137.6,0,0.4175604175604175,3.0,0.0,0.022222222222222223,0.23399355135882077,0.0893854748603352,0.0,1,1,0,0,1,1,1,0,1,0,0,0,1,1,0,0,0,1,0,1,0,0,0
MB-5045,168.3,1,166.09,0,0.6256256256256255,3.0,0.0,0.2666666666666667,0.4679871027176416,0.1340782122905028,0.3333333333333333,1,1,0,0,1,1,1,0,0,1,0,0,1,1,0,0,0,0,0,1,0,0,0
MB-5048,86.36666667,1,42.27,1,0.25396825396825384,3.0,0.0,0.15555555555555556,0.23353293413173654,0.08379888268156425,0.0,1,0,0,1,1,1,1,0,1,0,0,0,1,1,0,1,0,0,0,1,0,0,0
MB-5052,34.56666667,1,34.11,0,0.7192907192907191,3.0,0.04878048780487805,0.04444444444444444,0.7029018885306311,0.1899441340782123,0.3333333333333333,0,0,0,1,1,1,0,0,0,1,1,0,0,1,1,0,0,1,1,0,0,1,0
MB-5054,187.7,0,185.23,0,0.3748033748033748,3.0,0.0,0.06666666666666667,0.4569322892676186,0.0,0.0,0,0,1,0,1,0,0,0,0,1,1,0,0,0,0,0,0,1,1,0,0,0,1
MB-5057,56.33333333,1,3.91,1,0.1843271843271843,3.0,0.0,0.24444444444444444,0.4633809304467988,0.07821229050279331,0.0,1,1,0,0,1,0,0,0,0,1,0,0,1,1,0,1,1,1,1,0,0,1,0
MB-5060,150.1,1,148.13,0,0.6956956956956956,3.0,0.024390243902439025,0.1111111111111111,0.4679871027176416,0.1340782122905028,0.3333333333333333,1,1,0,0,1,1,1,0,1,0,0,0,1,1,1,0,1,1,0,1,0,0,0
MB-5061,39.43333333,0,38.91,0,0.639067639067639,3.0,0.04878048780487805,0.0,0.4679871027176416,0.1340782122905028,0.3333333333333333,1,1,0,0,1,1,1,0,1,0,0,0,1,1,1,0,0,0,0,1,0,0,0
MB-5062,168.2666667,0,74.18,1,0.7034177034177033,3.0,0.024390243902439025,0.13333333333333333,0.6959926301243666,0.10614525139664806,0.3333333333333333,1,1,0,0,1,1,1,0,0,1,1,0,0,0,1,0,1,1,0,0,0,0,1
MB-5063,215.1666667,0,212.34,0,0.21707421707421704,3.0,0.024390243902439025,0.1111111111111111,0.6959926301243666,0.10614525139664806,0.3333333333333333,0,1,0,0,0,0,0,0,0,1,1,0,0,0,0,1,1,1,0,0,0,0,1
MB-5064,91.5,0,90.3,0,0.5296725296725295,3.0,0.0,0.22222222222222224,0.2353754030400737,0.10614525139664806,0.0,0,1,0,0,1,1,1,0,1,0,0,1,0,1,0,0,0,0,1,0,1,0,0
MB-5066,94.7,0,93.45,0,0.3892463892463891,3.0,0.024390243902439025,0.08888888888888889,0.4679871027176416,0.1340782122905028,0.3333333333333333,1,0,0,1,1,1,1,0,1,0,0,0,1,1,1,0,0,0,0,0,1,0,0
MB-5072,50.23333333,1,18.88,1,0.36994136994136984,3.0,0.024390243902439025,0.24444444444444444,0.7005988023952094,0.16201117318435757,0.3333333333333333,0,1,0,0,0,0,0,0,0,1,0,0,1,1,0,0,0,1,1,0,0,1,0
MB-5078,87.1,1,48.13,1,0.4285714285714285,3.0,0.024390243902439025,0.1111111111111111,0.46752648549055736,0.12849162011173185,0.3333333333333333,1,0,0,1,1,1,1,0,1,0,1,0,0,0,1,0,1,1,0,0,0,0,1
MB-5079,199.9333333,0,197.3,0,0.5722865722865721,3.0,0.0,0.13333333333333333,0.2330723169046522,0.07821229050279331,0.0,1,0,1,0,1,1,1,0,1,0,0,0,1,1,0,0,1,0,0,0,1,0,0
MB-5084,198.1,1,73.91,1,0.32375232375232366,3.0,0.0,0.08888888888888889,0.2353754030400737,0.10614525139664806,0.0,0,0,0,1,1,1,1,0,1,0,0,0,1,1,0,1,0,1,1,0,1,0,0
MB-5088,199.3666667,1,196.74,0,0.6580866580866579,3.0,0.0,0.13333333333333333,0.23998157531091674,0.16201117318435757,0.3333333333333333,0,0,0,1,1,1,1,0,1,0,0,0,1,1,1,0,0,1,1,0,1,0,0
MB-5092,174.56666669999998,1,172.27,0,0.7151437151437151,3.0,0.024390243902439025,0.13333333333333333,0.6959926301243666,0.10614525139664806,0.3333333333333333,0,0,1,0,1,1,1,0,0,1,0,0,1,1,1,0,1,0,1,0,1,0,0
MB-5093,142.43333330000002,1,140.56,0,0.6233376233376232,3.0,0.0,0.06666666666666667,0.23998157531091674,0.16201117318435757,0.3333333333333333,0,1,0,0,1,1,1,0,1,0,0,0,1,1,1,0,0,1,1,1,0,0,0
MB-5097,61.6,0,60.79,0,0.4285714285714285,3.0,0.0,0.022222222222222223,0.2362966374942423,0.11731843575418996,0.3333333333333333,0,1,0,0,1,1,1,0,1,0,0,0,1,1,1,0,1,0,1,1,0,0,0
MB-5100,19.9,1,15.95,1,0.09123409123409121,3.0,0.41463414634146345,0.1111111111111111,0.926301243666513,0.10614525139664806,0.3333333333333333,1,0,0,1,0,0,0,0,0,1,0,0,1,1,1,1,0,1,0,0,0,1,0
MB-5101,34.33333333,1,33.13,1,0.5934505934505934,3.0,0.34146341463414637,0.0,0.7098111469368953,0.2737430167597765,0.6666666666666667,0,1,0,0,1,1,1,0,1,0,0,0,1,1,1,0,1,0,0,1,0,0,0
MB-5105,204.4333333,1,105.72,1,0.5273845273845273,3.0,0.0,0.022222222222222223,0.23122984799631502,0.0558659217877095,0.0,1,0,1,0,1,1,1,0,1,0,0,0,1,1,0,0,0,0,0,1,0,0,0
MB-5107,82.63333333,1,69.11,1,0.4962104962104962,3.0,0.0,0.04444444444444444,0.4753569783509903,0.223463687150838,0.3333333333333333,1,1,0,0,1,1,1,0,0,1,1,0,0,1,1,0,0,0,0,1,0,0,0
MB-5113,175.6333333,0,173.32,0,0.24939224939224935,3.0,0.0,0.022222222222222223,0.23399355135882077,0.0893854748603352,0.0,1,0,0,1,1,1,1,0,1,0,0,0,1,1,1,1,1,1,0,0,1,0,0
MB-5115,77.4,0,76.38,0,0.20320320320320318,3.0,0.024390243902439025,0.04444444444444444,0.7005988023952094,0.16201117318435757,0.3333333333333333,1,1,0,0,0,0,0,0,0,1,0,0,1,1,0,1,0,1,0,0,0,1,0
MB-5116,71.76666667,1,66.81,1,0.6914056914056913,3.0,0.17073170731707318,0.1111111111111111,0.6950713956701982,0.09497206703910616,0.3333333333333333,1,1,0,0,1,1,1,0,1,0,1,0,0,1,1,0,1,0,0,1,0,0,0
MB-5117,209.2666667,0,206.51,0,0.3536393536393536,3.0,0.0,0.08888888888888889,0.23998157531091674,0.16201117318435757,0.3333333333333333,1,0,0,1,1,1,1,0,1,0,0,0,1,1,1,0,1,0,0,1,0,0,0
MB-5118,211.7333333,0,208.95,0,0.6546546546546544,3.0,0.0,0.08888888888888889,0.23169046522339937,0.061452513966480445,0.0,1,0,0,1,1,1,1,0,1,0,0,0,1,1,1,0,0,0,0,0,1,0,0
MB-5119,59.76666667,0,58.98,0,0.7002717002717002,3.0,0.0,0.13333333333333333,0.2353754030400737,0.10614525139664806,0.0,0,0,0,1,1,1,1,0,1,0,0,0,1,1,0,0,0,1,1,0,1,0,0
MB-5120,27.8,1,17.3,1,0.2985842985842986,3.0,0.024390243902439025,0.17777777777777778,0.7005988023952094,0.16201117318435757,0.3333333333333333,1,1,0,0,0,0,0,0,0,1,1,0,0,0,0,1,0,1,0,0,0,0,1
MB-5123,90.3,1,61.81,1,0.6200486200486199,3.0,0.024390243902439025,0.15555555555555556,0.4656840165822202,0.10614525139664806,0.3333333333333333,0,1,0,0,1,1,1,0,1,0,0,1,0,1,1,0,0,1,1,0,1,0,0
MB-5124,124.2,1,110.99,1,0.8236808236808234,3.0,0.0,0.08888888888888889,0.23813910640257946,0.13966480446927376,0.6666666666666667,0,1,0,0,1,1,1,0,1,0,0,0,1,1,1,0,1,0,1,1,0,0,0
MB-5134,196.5333333,0,193.95,0,0.28914628914628904,3.0,0.0,0.13333333333333333,0.23076923076923078,0.05027932960893855,0.0,1,0,0,1,1,1,1,0,1,0,0,0,1,1,0,1,0,0,0,0,1,0,0
MB-5139,89.96666667,1,85.99,1,0.6120406120406119,3.0,0.0975609756097561,0.06666666666666667,0.9304467987102716,0.1564245810055866,0.3333333333333333,0,1,0,0,1,1,1,0,0,1,0,1,0,1,1,0,1,1,0,1,0,0,0
MB-5143,127.9333333,1,126.25,0,0.7498927498927498,3.0,0.0,0.08888888888888889,0.2353754030400737,0.10614525139664806,0.0,1,0,0,1,1,1,1,0,1,0,0,0,1,1,0,0,0,0,0,0,1,0,0
MB-5144,213.0333333,0,210.23,0,0.44015444015444005,3.0,0.0,0.06666666666666667,0.23399355135882077,0.0893854748603352,0.0,1,1,0,0,1,1,1,0,1,0,1,0,0,1,1,0,1,0,0,1,0,0,0
MB-5148,245.2333333,1,242.01,0,0.7201487201487201,3.0,0.0,0.06666666666666667,0.4656840165822202,0.10614525139664806,0.0,1,0,1,0,1,1,0,0,0,1,0,0,1,1,0,0,1,1,0,0,0,1,0
MB-5152,115.9333333,1,114.41,0,0.7125697125697125,3.0,0.024390243902439025,0.33333333333333337,0.46430216490096726,0.0893854748603352,0.3333333333333333,0,1,0,0,1,1,1,0,1,0,0,0,1,1,1,0,1,0,1,1,0,0,0
MB-5154,170.83333330000002,0,168.59,0,0.07879307879307879,3.0,0.0,0.022222222222222223,0.4569322892676186,0.0,0.0,0,0,1,0,1,0,0,0,0,1,1,0,0,0,0,1,0,1,1,0,0,1,0
MB-5160,87.73333333,1,26.81,1,0.6028886028886027,3.0,0.0,0.15555555555555556,0.23767848917549522,0.1340782122905028,0.3333333333333333,1,1,0,0,1,1,1,0,1,0,0,0,1,1,1,0,1,0,0,1,0,0,0
MB-5161,175.33333330000002,0,173.03,0,0.25811525811525804,3.0,0.0,0.06666666666666667,0.23169046522339937,0.061452513966480445,0.0,1,1,0,0,1,1,1,0,1,0,0,0,1,1,0,1,1,0,0,0,1,0,0
MB-5163,212.2,1,209.41,0,0.6103246103246103,3.0,0.0,0.13333333333333333,0.4647627821280517,0.09497206703910616,0.0,1,1,0,0,1,1,1,0,0,1,0,0,1,1,1,0,1,1,0,0,1,0,0
MB-5164,80.5,0,79.44,0,0.3203203203203202,3.0,0.0,0.17777777777777778,0.4624596959926301,0.06703910614525141,0.0,1,0,1,0,1,1,1,0,0,1,1,0,0,0,0,1,1,0,0,0,0,0,1
MB-5166,80.73333333,1,43.65,1,0.613041613041613,3.0,0.2682926829268293,0.15555555555555556,0.9309074159373558,0.16201117318435757,0.6666666666666667,0,1,0,0,1,1,1,0,0,1,1,0,0,0,1,0,1,0,0,0,0,0,1
MB-5169,51.96666667,1,41.09,1,0.5216645216645216,3.0,0.0,0.31111111111111117,0.4679871027176416,0.1340782122905028,0.3333333333333333,0,0,0,1,1,1,1,0,0,1,0,0,1,1,0,0,1,0,1,1,0,0,0
MB-5171,185.0,1,126.02,1,0.2921492921492921,3.0,0.0,0.04444444444444444,0.23122984799631502,0.0558659217877095,0.0,1,0,1,0,1,1,1,0,1,0,0,0,1,1,0,1,1,0,0,0,1,0,0
MB-5172,184.2666667,0,181.84,0,0.3319033319033319,3.0,0.17073170731707318,0.22222222222222224,0.9355135882081989,0.21787709497206706,0.6666666666666667,0,0,0,1,0,0,0,0,0,1,1,0,0,0,1,1,1,1,0,0,0,0,1
MB-5173,22.13333333,1,19.54,1,0.6104676104676103,3.0,0.0,0.15555555555555556,0.47950253339474896,0.2737430167597765,0.3333333333333333,0,1,0,0,1,0,0,0,0,1,0,0,1,1,1,0,0,1,1,0,0,1,0
MB-5183,118.53333329999998,1,116.97,0,0.686114686114686,3.0,0.0,0.15555555555555556,0.2330723169046522,0.07821229050279331,0.0,1,0,0,1,1,1,1,0,1,0,0,0,1,1,1,0,0,0,0,0,1,0,0
MB-5185,77.46666667,1,73.22,1,0.5079365079365079,3.0,0.0,0.13333333333333333,0.47259327498848464,0.1899441340782123,0.3333333333333333,0,0,0,1,1,1,1,0,0,1,0,0,1,1,1,0,0,0,1,0,1,0,0
MB-5188,19.4,1,7.14,1,0.5588445588445587,3.0,0.024390243902439025,0.022222222222222223,0.698295716259788,0.1340782122905028,0.3333333333333333,0,1,0,0,1,1,1,0,0,1,0,0,1,1,1,0,0,1,1,0,0,1,0
MB-5189,111.96666670000002,1,45.33,1,0.613184613184613,3.0,0.21951219512195122,0.06666666666666667,0.9401197604790419,0.2737430167597765,0.3333333333333333,1,0,0,1,1,1,1,0,0,1,0,0,1,1,1,0,1,0,1,0,1,0,0
MB-5193,54.26666667,1,53.55,0,0.8928928928928926,3.0,0.024390243902439025,0.1111111111111111,0.23998157531091674,0.16201117318435757,0.3333333333333333,0,0,0,1,1,1,1,1,0,0,0,0,1,1,1,0,0,0,1,1,0,0,0
MB-5195,196.8666667,1,194.28,1,0.6549406549406548,3.0,0.0,0.08888888888888889,0.4633809304467988,0.07821229050279331,0.0,1,0,0,1,1,1,1,0,0,1,1,0,0,0,1,0,0,0,0,0,0,0,1
MB-5196,94.03333333,1,10.3,1,0.3806663806663806,3.0,0.0,0.2666666666666667,0.2330723169046522,0.07821229050279331,0.0,0,1,0,0,1,1,1,0,1,0,0,0,1,1,0,0,0,1,1,1,0,0,0
MB-5197,223.8333333,1,220.89,1,0.5112255112255111,3.0,0.07317073170731708,0.0,0.4679871027176416,0.1340782122905028,0.3333333333333333,0,1,0,0,1,1,1,0,1,0,0,0,1,1,1,0,0,1,1,1,0,0,0
MB-5199,204.4,0,201.71,0,0.5575575575575574,3.0,0.0,0.022222222222222223,0.4633809304467988,0.07821229050279331,0.0,0,0,1,0,1,0,0,0,0,1,1,0,0,0,1,0,1,1,1,0,0,0,1
MB-5200,52.3,1,20.03,1,0.6273416273416274,3.0,0.0,0.08888888888888889,0.4633809304467988,0.07821229050279331,0.0,1,0,0,1,1,1,1,0,0,1,1,0,0,1,1,0,1,1,0,1,0,0,0
MB-5201,96.96666667,1,95.69,0,0.6693836693836693,3.0,0.0,0.022222222222222223,0.2353754030400737,0.10614525139664806,0.0,1,0,0,1,1,1,1,0,1,0,0,0,1,1,1,0,1,0,0,0,1,0,0
MB-5205,185.3,0,73.98,1,0.3414843414843415,3.0,0.07317073170731708,0.17777777777777778,0.7029018885306311,0.1899441340782123,0.3333333333333333,1,1,0,0,0,0,1,0,0,1,0,0,1,1,1,0,0,1,0,0,0,1,0
MB-5208,151.9,0,149.9,0,0.3728013728013727,3.0,0.0,0.13333333333333333,0.4689083371718101,0.1452513966480447,0.3333333333333333,0,0,0,1,1,0,0,0,0,1,0,0,1,1,0,0,0,1,1,0,0,1,0
MB-5209,175.1,1,172.8,0,0.7551837551837551,3.0,0.0,0.1111111111111111,0.484108705665592,0.3296089385474861,0.3333333333333333,0,0,0,1,1,0,0,0,0,1,0,0,1,1,1,0,1,1,0,0,0,1,0
MB-5211,247.8333333,1,244.57,0,0.6014586014586014,3.0,0.0,0.13333333333333333,0.470290188853063,0.16201117318435757,0.3333333333333333,0,1,0,0,1,1,1,0,0,1,0,0,1,1,1,0,1,0,1,1,0,0,0
MB-5212,179.1,1,176.74,0,0.7694837694837694,3.0,0.0,0.06666666666666667,0.47259327498848464,0.1899441340782123,0.3333333333333333,0,1,0,0,1,1,1,0,0,1,1,0,0,0,1,0,1,1,1,0,0,0,1
MB-5213,43.4,1,22.5,1,0.6952666952666952,3.0,0.29268292682926833,0.17777777777777778,0.9286043298019344,0.1340782122905028,0.6666666666666667,0,1,0,0,0,0,0,0,0,1,1,0,0,1,1,0,0,1,0,0,0,0,1
MB-5214,107.3666667,1,37.5,1,0.5750035750035748,3.0,0.0,0.0,0.2353754030400737,0.10614525139664806,0.0,1,0,1,0,1,1,1,0,1,0,0,0,1,1,1,0,0,0,0,0,1,0,0
MB-5218,254.9666667,0,251.61,0,0.22522522522522515,3.0,0.0,0.08888888888888889,0.46107784431137716,0.05027932960893855,0.0,1,1,0,0,1,1,1,0,0,1,0,0,1,1,0,1,0,1,0,1,0,0,0
MB-5221,131.3,1,129.57,0,0.5315315315315314,3.0,0.0,0.1111111111111111,0.005066789497927271,0.10614525139664806,0.0,0,1,0,0,1,1,1,1,0,0,0,0,1,1,0,0,0,0,1,0,1,0,0
MB-5222,111.8333333,1,110.36,0,0.7127127127127125,3.0,0.0,0.04444444444444444,0.4633809304467988,0.07821229050279331,0.0,1,0,0,1,1,0,0,0,0,1,1,0,0,1,1,0,1,1,0,0,0,1,0
MB-5223,144.66666669999998,1,134.9,1,0.22436722436722423,3.0,0.04878048780487805,0.022222222222222223,0.46660525103638867,0.11731843575418996,0.3333333333333333,1,0,0,1,0,0,0,0,1,0,0,0,1,1,0,1,1,1,0,0,0,1,0
MB-5224,99.4,1,98.09,1,0.9133419133419133,3.0,0.024390243902439025,0.17777777777777778,0.6959926301243666,0.10614525139664806,0.3333333333333333,0,1,0,0,1,1,1,0,0,1,0,0,1,1,1,0,0,0,1,0,1,0,0
MB-5225,43.26666667,1,17.83,1,0.5955955955955956,3.0,0.0,0.2,0.470290188853063,0.16201117318435757,0.3333333333333333,1,1,0,0,1,0,0,0,0,1,0,0,1,1,1,0,0,1,0,0,0,1,0
MB-5226,200.6,0,197.96,0,0.7031317031317029,3.0,0.0,0.08888888888888889,0.4633809304467988,0.07821229050279331,0.0,1,0,0,1,1,1,1,0,0,1,0,1,0,1,0,0,0,1,0,1,0,0,0
MB-5227,187.0333333,1,184.57,0,0.6878306878306876,3.0,0.024390243902439025,0.08888888888888889,0.4633809304467988,0.07821229050279331,0.3333333333333333,0,1,0,0,1,1,1,0,1,0,0,0,1,1,1,0,1,0,1,1,0,0,0
MB-5228,180.7333333,1,178.36,0,0.6606606606606605,3.0,0.0,0.13333333333333333,0.470290188853063,0.16201117318435757,0.3333333333333333,1,0,0,1,1,1,1,0,0,1,0,0,1,1,1,0,0,0,0,1,0,0,0
MB-5229,33.96666667,1,25.59,1,0.1949091949091949,3.0,0.024390243902439025,0.15555555555555556,0.698295716259788,0.1340782122905028,0.3333333333333333,0,1,0,0,0,0,0,0,0,1,1,0,0,0,0,1,1,1,1,0,0,0,1
MB-5232,211.2,1,208.42,0,0.6888316888316887,3.0,0.0,0.08888888888888889,0.23261169967756795,0.07262569832402235,0.0,1,0,0,1,1,0,0,0,1,0,0,0,1,1,0,0,0,1,0,0,0,1,0
MB-5233,209.0333333,1,206.28,0,0.761189761189761,3.0,0.0,0.06666666666666667,0.23998157531091674,0.16201117318435757,0.3333333333333333,1,0,0,1,1,1,1,0,1,0,0,0,1,1,1,0,1,0,0,1,0,0,0
MB-5235,204.2,1,201.51,1,0.4673244673244672,3.0,0.0,0.2666666666666667,0.2289267618608936,0.027932960893854747,0.0,1,0,0,1,1,1,0,0,1,0,0,0,1,1,0,0,1,1,0,0,0,1,0
MB-5236,166.66666669999998,0,164.47,0,0.5242385242385242,3.0,0.07317073170731708,0.08888888888888889,0.7167204053431597,0.3575418994413408,0.6666666666666667,1,1,0,0,0,0,0,0,0,1,0,0,1,1,1,0,1,1,0,0,0,1,0
MB-5238,44.13333333,1,16.78,1,0.28128128128128127,3.0,0.04878048780487805,0.06666666666666667,0.6959926301243666,0.10614525139664806,0.3333333333333333,1,0,0,1,0,0,1,0,0,1,1,0,0,0,0,1,1,1,0,0,0,0,1
MB-5244,216.8666667,1,118.78,1,0.6126126126126126,3.0,0.0,0.08888888888888889,0.47489636112390604,0.21787709497206706,0.3333333333333333,0,1,0,0,1,1,1,0,0,1,0,0,1,1,1,0,0,0,1,1,0,0,0
MB-5256,108.0666667,1,83.59,1,0.6284856284856285,3.0,0.07317073170731708,0.06666666666666667,0.4670658682634731,0.1229050279329609,0.3333333333333333,0,0,0,1,1,1,1,0,1,0,0,0,1,1,1,0,1,0,0,1,0,0,0
MB-5258,101.0666667,1,99.74,0,0.6636636636636636,3.0,0.0,0.08888888888888889,0.470290188853063,0.16201117318435757,0.3333333333333333,0,1,0,0,1,0,0,0,0,1,0,0,1,1,1,0,0,1,1,0,0,1,0
MB-5259,46.16666667,1,26.15,1,0.21335621335621335,3.0,0.024390243902439025,0.2,0.7029018885306311,0.1899441340782123,0.3333333333333333,0,1,0,0,0,0,0,0,0,1,1,0,0,0,0,1,1,1,0,0,0,0,1
MB-5261,116.46666670000002,1,114.93,0,0.5685685685685685,3.0,0.0,0.04444444444444444,0.2330723169046522,0.07821229050279331,0.0,1,1,0,0,1,1,1,0,1,0,0,0,1,1,0,0,1,0,0,1,0,0,0
MB-5264,199.3,0,196.68,0,0.2865722865722865,3.0,0.0,0.13333333333333333,0.4647627821280517,0.09497206703910616,0.0,1,1,0,0,1,1,1,0,0,1,0,0,1,1,0,1,0,0,0,0,1,0,0
MB-5266,83.63333333,1,75.63,1,0.7217217217217217,3.0,0.0,0.2,0.470290188853063,0.16201117318435757,0.3333333333333333,0,1,0,0,1,1,1,0,0,1,1,0,0,0,1,0,0,1,1,1,0,0,0
MB-5267,71.06666667,1,45.72,1,0.37766337766337765,3.0,0.0,0.1111111111111111,0.2330723169046522,0.07821229050279331,0.0,1,0,0,1,1,1,1,0,1,0,0,0,1,1,0,0,1,0,0,0,1,0,0
MB-5271,167.5,0,165.3,0,0.456027456027456,3.0,0.0,0.2,0.24458774758175966,0.21787709497206706,0.3333333333333333,0,1,0,0,1,1,1,0,1,0,1,0,0,1,1,0,0,1,1,1,0,0,0
MB-5272,201.9333333,1,112.96,1,0.20520520520520513,3.0,0.0,0.2,0.4656840165822202,0.10614525139664806,0.0,1,0,0,1,1,1,1,0,0,1,0,0,1,1,0,1,0,1,0,1,0,0,0
MB-5273,60.86666667,1,44.21,1,0.48577148577148566,3.0,0.0,0.022222222222222223,0.4656840165822202,0.10614525139664806,0.0,0,1,0,0,1,1,1,0,0,1,0,0,1,1,1,0,0,0,1,1,0,0,0
MB-5279,68.76666667,1,30.2,1,0.5747175747175746,3.0,0.0,0.1111111111111111,0.47489636112390604,0.21787709497206706,0.3333333333333333,0,1,0,0,1,1,1,0,0,1,0,0,1,1,0,0,1,1,1,1,0,0,0
MB-5281,79.3,0,78.26,0,0.4198484198484198,3.0,0.0,0.13333333333333333,0.4633809304467988,0.07821229050279331,0.0,1,0,0,1,1,0,0,0,0,1,0,0,1,1,0,0,0,1,0,0,1,0,0
MB-5287,124.0,1,122.37,0,0.6163306163306161,3.0,0.0,0.08888888888888889,0.2353754030400737,0.10614525139664806,0.0,1,0,0,1,1,1,1,0,1,0,0,0,1,1,0,0,0,0,0,0,1,0,0
MB-5288,128.4,1,126.71,0,0.6254826254826252,3.0,0.04878048780487805,0.46666666666666673,0.47259327498848464,0.1899441340782123,0.3333333333333333,1,1,0,0,1,1,1,0,1,0,0,0,1,1,1,0,1,1,0,1,0,0,0
MB-5290,36.93333333,1,36.45,0,0.6157586157586157,3.0,0.0,0.13333333333333333,0.2362966374942423,0.11731843575418996,0.3333333333333333,0,1,0,0,1,1,1,0,1,0,0,0,1,1,0,0,0,0,1,0,1,0,0
MB-5291,153.5333333,0,151.51,0,0.5847275847275847,3.0,0.0,0.06666666666666667,0.2330723169046522,0.07821229050279331,0.0,1,1,0,0,1,1,1,0,1,0,1,0,0,1,1,0,1,0,0,1,0,0,0
MB-5294,195.9333333,0,193.36,0,0.07650507650507649,3.0,0.34146341463414637,0.08888888888888889,0.9626900046061724,0.547486033519553,0.6666666666666667,0,0,0,1,0,0,0,0,0,1,0,0,1,1,1,1,1,0,0,0,0,1,0
MB-5295,75.7,1,74.7,0,0.4883454883454882,3.0,0.0,0.2,0.23767848917549522,0.1340782122905028,0.3333333333333333,1,0,1,0,1,0,0,0,1,0,0,0,1,1,0,0,0,1,0,0,0,1,0
MB-5296,13.8,1,10.72,1,0.7517517517517517,3.0,0.14634146341463417,0.13333333333333333,0.9355135882081989,0.21787709497206706,0.6666666666666667,0,0,0,1,1,1,0,0,0,1,1,0,0,0,1,0,1,1,0,0,0,0,1
MB-5300,190.1666667,0,17.6,1,0.4171314171314171,3.0,0.0,0.13333333333333333,0.002763703362505754,0.07821229050279331,0.0,1,0,0,1,1,1,1,1,0,0,0,0,1,1,0,0,1,0,0,0,1,0,0
MB-5306,159.7333333,0,157.63,0,0.45617045617045604,3.0,0.0,0.13333333333333333,0.4633809304467988,0.07821229050279331,0.0,0,1,0,0,1,1,1,0,0,1,1,0,0,1,0,0,0,1,1,1,0,0,0
MB-5308,104.7666667,1,77.89,1,0.59001859001859,3.0,0.0,0.08888888888888889,0.4679871027176416,0.1340782122905028,0.3333333333333333,1,0,1,0,1,1,1,0,0,1,0,0,1,1,1,0,1,0,0,0,1,0,0
MB-5311,57.66666667,1,0.69,1,0.667095667095667,3.0,0.0,0.15555555555555556,0.2385997236296638,0.1452513966480447,0.3333333333333333,1,1,0,0,1,1,1,0,1,0,0,0,1,1,1,0,1,0,0,0,0,1,0
MB-5312,37.9,1,3.98,1,0.34663234663234654,3.0,0.14634146341463417,0.022222222222222223,0.9447259327498849,0.3296089385474861,0.6666666666666667,0,1,0,0,0,0,0,0,0,1,1,0,0,0,0,0,1,1,1,0,0,0,1
MB-5315,43.03333333,1,33.78,1,0.36851136851136845,3.0,0.3902439024390244,0.1111111111111111,0.9539382772915708,0.44134078212290506,0.6666666666666667,0,1,0,0,0,0,0,0,0,1,1,0,0,0,1,0,0,1,0,0,0,0,1
MB-5318,14.16666667,1,6.94,1,0.4947804947804947,3.0,0.0,0.022222222222222223,0.4647627821280517,0.09497206703910616,0.0,1,0,0,1,1,1,1,0,0,1,1,0,0,1,0,0,0,1,0,0,0,0,1
MB-5323,226.0666667,0,223.09,0,0.07007007007007005,3.0,0.0,0.04444444444444444,0.4633809304467988,0.07821229050279331,0.0,0,0,0,1,1,0,0,0,0,1,0,1,0,1,0,1,0,1,1,0,0,1,0
MB-5328,14.2,1,14.01,0,0.6894036894036891,3.0,0.024390243902439025,0.04444444444444444,0.47950253339474896,0.2737430167597765,0.3333333333333333,1,1,0,0,1,1,1,0,1,0,0,0,1,1,1,0,0,1,1,1,0,0,0
MB-5331,124.1333333,1,37.2,1,0.40511940511940503,3.0,0.0,0.1111111111111111,0.23675725472132664,0.1229050279329609,0.3333333333333333,0,0,0,1,1,1,1,0,1,0,1,0,0,0,0,0,1,1,1,0,0,0,1
MB-5332,98.83333333,1,69.8,1,0.6087516087516087,3.0,0.024390243902439025,0.15555555555555556,0.4647627821280517,0.09497206703910616,0.3333333333333333,0,1,0,0,1,1,1,0,1,0,1,0,0,0,1,0,0,0,1,1,0,0,0
MB-5334,85.4,1,84.28,0,0.7447447447447445,3.0,0.0,0.0,0.4656840165822202,0.10614525139664806,0.0,1,1,0,0,1,1,1,0,0,1,0,0,1,1,1,0,1,0,0,1,0,0,0
MB-5335,25.23333333,1,10.72,1,0.2209352209352209,3.0,0.0,0.06666666666666667,0.4689083371718101,0.1452513966480447,0.3333333333333333,0,1,0,0,1,0,0,0,0,1,0,0,1,1,0,1,1,1,1,0,0,1,0
MB-5338,51.66666667,1,14.54,1,0.4987844987844987,3.0,0.04878048780487805,0.22222222222222224,0.4656840165822202,0.10614525139664806,0.3333333333333333,1,1,0,0,1,1,1,0,1,0,0,0,1,1,1,0,1,1,0,1,0,0,0
MB-5339,195.8666667,0,193.29,0,0.6495066495066494,3.0,0.04878048780487805,0.06666666666666667,0.6936895439889452,0.07821229050279331,0.3333333333333333,1,1,0,0,1,1,1,0,0,1,0,0,1,1,1,0,1,1,0,1,0,0,0
MB-5341,250.8333333,0,88.59,1,0.42914342914342907,3.0,0.0,0.15555555555555556,0.2353754030400737,0.10614525139664806,0.0,1,1,0,0,1,1,1,0,1,0,0,0,1,1,0,0,1,0,0,1,0,0,0
MB-5345,216.0333333,1,213.19,1,0.7222937222937221,3.0,0.0975609756097561,0.06666666666666667,0.4633809304467988,0.07821229050279331,0.3333333333333333,1,0,0,1,1,1,1,1,0,0,0,0,1,1,1,0,1,0,0,0,1,0,0
MB-5347,211.9,1,167.01,1,0.43657943657943654,3.0,0.024390243902439025,0.1111111111111111,0.698295716259788,0.1340782122905028,0.3333333333333333,1,1,0,0,1,1,1,0,0,1,0,0,1,1,1,0,0,0,0,1,0,0,0
MB-5348,169.66666669999998,0,167.43,0,0.21321321321321318,3.0,0.024390243902439025,0.04444444444444444,0.6936895439889452,0.07821229050279331,0.3333333333333333,0,1,0,0,0,0,0,0,0,1,0,0,1,1,0,1,0,1,1,0,0,1,0
MB-5351,202.1,0,199.44,0,0.30015730015730013,3.0,0.0,0.2,0.4573929064947028,0.00558659217877095,0.0,0,0,0,1,1,1,0,0,0,1,1,0,0,0,0,1,0,1,1,0,0,0,1
MB-5361,15.36666667,1,12.86,1,0.70999570999571,3.0,0.024390243902439025,0.06666666666666667,0.47489636112390604,0.21787709497206706,0.3333333333333333,0,1,0,0,1,1,1,0,1,0,1,0,0,1,1,0,0,0,1,1,0,0,0
MB-5364,125.76666670000002,1,124.11,1,0.43657943657943654,3.0,0.0,0.08888888888888889,0.4633809304467988,0.07821229050279331,0.0,1,0,0,1,1,1,1,0,0,1,0,0,1,1,1,0,0,0,0,0,1,0,0
MB-5365,23.03333333,1,12.93,1,0.756899756899757,3.0,0.04878048780487805,0.15555555555555556,0.4679871027176416,0.1340782122905028,0.3333333333333333,0,1,0,0,1,1,1,0,1,0,0,0,1,1,1,0,0,0,1,0,1,0,0
MB-5370,119.3,1,69.51,1,0.5175175175175174,3.0,0.0,0.08888888888888889,0.46660525103638867,0.11731843575418996,0.3333333333333333,1,0,0,1,1,1,1,0,0,1,0,0,1,1,1,0,0,0,0,1,0,0,0
MB-5373,2.5333333330000003,0,2.5,0,0.5830115830115828,3.0,0.024390243902439025,0.06666666666666667,0.698295716259788,0.1340782122905028,0.3333333333333333,1,0,1,0,1,1,1,0,0,1,0,0,1,1,1,0,1,1,0,0,1,0,0
MB-5377,102.0,1,100.66,1,0.12555412555412548,3.0,0.17073170731707318,0.17777777777777778,0.9378166743436203,0.2458100558659218,0.3333333333333333,0,1,0,0,0,0,1,0,0,1,0,0,1,1,1,1,1,0,0,0,1,0,0
MB-5378,12.26666667,1,10.82,1,0.4523094523094523,3.0,0.07317073170731708,0.1111111111111111,0.7075080608014739,0.2458100558659218,0.6666666666666667,0,1,0,0,0,0,1,0,0,1,0,0,1,1,0,0,1,1,0,0,0,1,0
MB-5381,201.8333333,1,199.18,1,0.25225225225225223,3.0,0.04878048780487805,0.15555555555555556,0.7098111469368953,0.2737430167597765,0.3333333333333333,0,0,0,1,0,0,0,0,0,1,1,0,0,0,1,1,1,1,0,0,0,0,1
MB-5382,116.23333329999998,1,114.7,0,0.6136136136136134,3.0,0.0975609756097561,0.13333333333333333,0.7005988023952094,0.16201117318435757,0.3333333333333333,1,1,0,0,1,1,1,0,1,0,0,0,1,1,1,0,1,0,0,0,1,0,0
MB-5386,192.2,0,189.67,0,0.5648505648505647,3.0,0.0,0.08888888888888889,0.2353754030400737,0.10614525139664806,0.0,0,0,1,0,1,1,1,0,1,0,1,0,0,1,1,0,0,0,0,1,0,0,0
MB-5389,124.76666670000002,1,123.13,0,0.5491205491205491,3.0,0.0,0.15555555555555556,0.24044219253800098,0.1675977653631285,0.3333333333333333,1,1,0,0,1,1,1,0,1,0,0,0,1,1,1,0,0,0,0,1,0,0,0
MB-5395,165.16666669999998,0,162.99,0,0.6456456456456455,3.0,0.0,0.1111111111111111,0.46292031321971455,0.07262569832402235,0.0,1,1,0,0,1,1,1,0,0,1,0,0,1,1,0,0,1,0,0,0,1,0,0
MB-5396,165.66666669999998,0,163.49,0,0.5073645073645073,3.0,0.0,0.17777777777777778,0.46292031321971455,0.07262569832402235,0.0,1,0,0,1,1,1,1,0,0,1,0,0,1,1,1,0,0,1,0,1,0,0,0
MB-5398,213.0,0,210.2,0,0.6384956384956385,3.0,0.0975609756097561,0.04444444444444444,0.6959926301243666,0.10614525139664806,0.3333333333333333,0,1,0,0,1,1,1,0,1,0,0,0,1,1,1,0,0,0,0,0,1,0,0
MB-5402,107.76666670000002,1,106.35,0,0.7922207922207921,3.0,0.0,0.08888888888888889,0.23353293413173654,0.08379888268156425,0.0,0,1,0,0,1,1,1,0,1,0,1,0,0,1,0,0,1,0,1,1,0,0,0
MB-5403,95.73333333,1,94.47,0,0.8519948519948518,3.0,0.24390243902439024,0.0,0.698295716259788,0.1340782122905028,0.3333333333333333,1,1,0,0,1,1,1,0,1,0,0,0,1,1,1,0,1,0,1,0,1,0,0
MB-5404,74.73333333,1,73.26,1,0.7895037895037892,3.0,0.07317073170731708,0.22222222222222224,0.47259327498848464,0.1899441340782123,0.3333333333333333,0,1,0,0,1,1,1,0,1,0,0,0,1,1,1,0,1,0,1,1,0,0,0
MB-5407,205.6,0,15.46,1,0.1382811382811383,3.0,0.0,0.17777777777777778,0.4569322892676186,0.0,0.0,1,0,1,0,1,1,1,0,0,1,1,0,0,1,0,1,1,0,0,0,1,0,0
MB-5408,101.4,0,100.07,0,0.5594165594165593,3.0,0.0,0.1111111111111111,0.23353293413173654,0.08379888268156425,0.0,1,0,0,1,1,1,0,0,1,0,1,0,0,1,0,0,1,1,0,0,0,1,0
MB-5409,198.1333333,0,195.53,0,0.36121836121836115,3.0,0.12195121951219512,0.17777777777777778,0.9272224781206815,0.11731843575418996,0.3333333333333333,0,1,0,0,0,0,0,0,0,1,1,0,0,0,1,0,0,1,0,0,0,0,1
MB-5410,202.7666667,0,200.1,0,0.5732875732875732,3.0,0.0,0.13333333333333333,0.470290188853063,0.16201117318435757,0.3333333333333333,1,1,0,0,1,1,1,0,0,1,0,0,1,1,1,0,1,0,0,0,1,0,0
MB-5411,26.0,1,18.09,1,0.24667524667524665,3.0,0.024390243902439025,0.1111111111111111,0.6950713956701982,0.09497206703910616,0.3333333333333333,0,1,0,0,0,0,0,0,0,1,1,0,0,0,0,1,0,1,1,0,0,0,1
MB-5412,220.2333333,0,182.86,1,0.36479336479336466,3.0,0.0,0.2,0.23261169967756795,0.07262569832402235,0.0,1,1,0,0,1,1,1,0,1,0,0,0,1,1,0,0,1,0,0,0,1,0,0
MB-5414,140.6,1,138.75,0,0.4973544973544973,3.0,0.024390243902439025,0.022222222222222223,0.698295716259788,0.1340782122905028,0.3333333333333333,1,1,0,0,1,1,1,0,0,1,1,0,0,0,1,0,0,1,0,0,0,0,1
MB-5417,107.0666667,0,105.66,0,0.2779922779922779,3.0,0.0975609756097561,0.2,0.9447259327498849,0.3296089385474861,0.6666666666666667,0,1,0,0,0,0,0,0,0,1,1,0,0,0,0,1,0,1,0,0,0,0,1
MB-5418,207.1666667,0,204.44,0,0.5403975403975404,3.0,0.024390243902439025,0.06666666666666667,0.698295716259788,0.1340782122905028,0.3333333333333333,0,1,0,0,1,1,1,0,0,1,1,0,0,0,1,0,0,0,1,0,0,0,1
MB-5421,194.5666667,0,192.01,0,0.5954525954525953,3.0,0.0,0.06666666666666667,0.4656840165822202,0.10614525139664806,0.0,1,1,0,0,1,0,0,0,0,1,0,0,1,1,0,0,0,1,0,0,0,1,0
MB-5422,46.06666667,1,17.89,1,0.2971542971542971,3.0,0.0,0.1111111111111111,0.010594196222938834,0.17318435754189945,0.3333333333333333,0,0,0,1,1,1,1,1,0,0,0,0,1,1,0,1,1,0,1,0,1,0,0
MB-5425,49.46666667,1,28.68,1,0.5895895895895895,3.0,0.07317073170731708,0.13333333333333333,0.47489636112390604,0.21787709497206706,0.3333333333333333,0,1,0,0,1,1,1,0,1,0,0,0,1,1,1,0,0,0,1,0,1,0,0
MB-5426,34.63333333,1,12.76,1,0.39081939081939077,3.0,0.2682926829268293,0.06666666666666667,0.9286043298019344,0.1340782122905028,0.3333333333333333,1,0,1,0,0,0,0,0,0,1,1,0,0,0,1,0,0,0,0,0,0,0,1
MB-5427,155.7333333,1,153.68,0,0.8196768196768197,3.0,0.0,0.1111111111111111,0.23767848917549522,0.1340782122905028,0.3333333333333333,1,0,0,1,1,0,0,0,1,0,0,0,1,1,1,0,1,1,0,0,0,1,0
MB-5429,30.7,1,30.3,0,0.8534248534248533,3.0,0.0,0.06666666666666667,0.2353754030400737,0.10614525139664806,0.0,0,1,0,0,1,1,1,0,1,0,0,0,1,1,0,0,0,1,1,0,1,0,0
MB-5431,15.86666667,1,7.11,1,0.3367653367653366,3.0,0.0,0.17777777777777778,0.2330723169046522,0.07821229050279331,0.0,1,0,1,0,1,1,1,0,1,0,0,0,1,1,0,1,0,0,0,0,0,1,0
MB-5432,98.5,1,97.2,0,0.49535249535249526,3.0,0.024390243902439025,0.04444444444444444,0.46660525103638867,0.11731843575418996,0.3333333333333333,1,1,0,0,1,1,1,0,1,0,0,0,1,1,1,0,0,0,0,1,0,0,0
MB-5433,176.3666667,1,174.05,1,0.615043615043615,3.0,0.0,0.06666666666666667,0.23998157531091674,0.16201117318435757,0.3333333333333333,0,1,0,0,1,1,1,0,1,0,1,0,0,1,1,0,1,0,1,1,0,0,0
MB-5434,45.16666667,1,37.53,1,0.6393536393536391,3.0,0.024390243902439025,0.3777777777777778,0.7121142330723169,0.3016759776536313,0.6666666666666667,0,0,1,0,1,1,1,0,0,1,0,0,1,1,1,0,0,0,1,1,0,0,0
MB-5440,196.6333333,0,194.05,0,0.3244673244673244,3.0,0.024390243902439025,0.15555555555555556,0.6950713956701982,0.09497206703910616,0.3333333333333333,1,1,0,0,0,0,0,0,0,1,0,0,1,1,0,1,0,1,0,0,0,1,0
MB-5441,9.7,1,9.57,0,0.911196911196911,3.0,0.0,0.24444444444444444,0.47259327498848464,0.1899441340782123,0.6666666666666667,0,0,0,1,1,0,0,0,0,1,1,0,0,0,1,0,1,1,1,0,1,0,0
MB-5442,205.8,0,12.34,1,0.2655512655512655,3.0,0.04878048780487805,0.06666666666666667,0.7029018885306311,0.1899441340782123,0.3333333333333333,1,1,0,0,0,0,0,0,0,1,0,0,1,1,0,1,1,0,0,0,0,1,0
MB-5446,162.83333330000002,1,123.75,1,0.3559273559273559,3.0,0.024390243902439025,0.13333333333333333,0.698295716259788,0.1340782122905028,0.3333333333333333,0,0,0,1,0,0,0,0,0,1,0,0,1,1,1,0,0,1,0,0,0,1,0
MB-5450,190.2,0,187.7,0,0.17960817960817954,3.0,0.0,0.1111111111111111,0.46199907876554586,0.061452513966480445,0.0,1,0,1,0,1,0,0,0,0,1,0,0,1,1,0,1,1,1,0,0,0,1,0
MB-5453,57.3,1,46.28,1,0.152009152009152,3.0,0.07317073170731708,0.17777777777777778,0.7005988023952094,0.16201117318435757,0.3333333333333333,1,0,1,0,0,0,0,0,0,1,0,0,1,1,0,1,0,0,0,0,0,1,0
MB-5454,50.66666667,1,40.56,1,0.4177034177034177,3.0,0.0975609756097561,0.1111111111111111,0.9309074159373558,0.16201117318435757,0.3333333333333333,1,0,0,1,1,1,1,0,0,1,0,0,1,1,1,0,0,1,0,1,0,0,0
MB-5457,164.56666669999998,1,46.12,1,0.3748033748033748,3.0,0.0,0.15555555555555556,0.23353293413173654,0.08379888268156425,0.0,1,0,0,1,1,1,1,0,1,0,0,0,1,1,1,0,1,0,1,0,1,0,0
MB-5458,183.4333333,0,181.02,0,0.4089804089804089,3.0,0.024390243902439025,0.13333333333333333,0.698295716259788,0.1340782122905028,0.3333333333333333,0,0,1,0,0,0,0,0,0,1,1,0,0,0,0,0,1,1,1,0,0,0,1
MB-5459,90.8,1,85.1,1,0.539253539253539,3.0,0.024390243902439025,0.04444444444444444,0.6959926301243666,0.10614525139664806,0.3333333333333333,1,0,0,1,1,1,1,0,0,1,1,0,0,0,1,0,1,1,0,0,0,0,1
MB-5465,18.8,1,15.26,1,0.6216216216216215,3.0,0.0,0.13333333333333333,0.4679871027176416,0.1340782122905028,0.3333333333333333,1,0,1,0,1,0,0,0,0,1,0,1,0,1,1,0,1,1,0,0,0,1,0
MB-5468,99.36666667,0,98.06,0,0.3108823108823109,3.0,0.024390243902439025,0.08888888888888889,0.698295716259788,0.1340782122905028,0.3333333333333333,1,1,0,0,0,0,0,0,0,1,1,0,0,0,0,1,1,1,0,0,0,1,0
MB-5471,185.7666667,0,183.32,0,0.5888745888745889,3.0,0.0,0.2,0.4624596959926301,0.06703910614525141,0.0,0,0,0,1,1,1,1,0,0,1,0,0,1,1,0,0,1,1,1,1,0,0,0
MB-5473,125.9,1,124.24,0,0.6613756613756613,3.0,0.12195121951219512,0.04444444444444444,0.9332105020727774,0.1899441340782123,0.3333333333333333,0,1,0,0,1,1,1,0,0,1,0,0,1,1,1,0,1,0,0,0,1,0,0
MB-5474,226.7,0,223.72,0,0.28457028457028444,3.0,0.024390243902439025,0.17777777777777778,0.7029018885306311,0.1899441340782123,0.3333333333333333,0,0,0,1,0,0,0,0,0,1,1,0,0,0,0,1,0,1,1,0,0,0,1
MB-5475,2.5333333330000003,1,2.5,0,0.6748176748176747,3.0,0.07317073170731708,0.06666666666666667,0.4670658682634731,0.1229050279329609,0.3333333333333333,0,1,0,0,1,1,1,0,1,0,0,0,1,1,1,0,0,0,1,0,1,0,0
MB-5482,17.66666667,1,11.78,1,0.2057772057772057,3.0,0.04878048780487805,0.1111111111111111,0.6941501612160295,0.08379888268156425,0.3333333333333333,1,0,0,1,0,0,1,0,0,1,0,1,0,1,0,1,1,1,0,0,0,1,0
MB-5483,42.43333333,1,21.71,1,0.25940225940225936,3.0,0.14634146341463417,0.2666666666666667,0.698295716259788,0.1340782122905028,0.3333333333333333,1,1,0,0,0,0,0,0,1,0,1,0,0,0,0,1,1,1,0,0,0,0,1
MB-5485,31.8,1,20.39,1,0.768196768196768,3.0,0.04878048780487805,0.022222222222222223,0.7005988023952094,0.16201117318435757,0.3333333333333333,0,0,0,1,1,1,1,0,0,1,0,0,1,1,1,0,0,1,0,1,0,0,0
MB-5486,123.3,1,115.66,1,0.7048477048477048,3.0,0.0,0.2666666666666667,0.4679871027176416,0.1340782122905028,0.3333333333333333,1,1,0,0,1,1,1,0,0,1,0,1,0,1,1,0,0,0,0,1,0,0,0
MB-5489,216.9666667,0,140.13,1,0.38953238953238944,3.0,0.0,0.04444444444444444,0.2330723169046522,0.07821229050279331,0.0,1,1,0,0,1,1,1,0,1,0,0,0,1,1,0,0,1,0,1,0,1,0,0
MB-5490,51.2,1,8.03,1,0.556985556985557,3.0,0.0,0.08888888888888889,0.24458774758175966,0.21787709497206706,0.3333333333333333,0,1,0,0,1,1,1,0,1,0,0,0,1,1,0,0,0,0,1,0,1,0,0
MB-5491,65.83333333,1,15.36,1,0.6562276562276562,3.0,0.0,0.2,0.4864117918010134,0.3575418994413408,0.3333333333333333,0,0,0,1,1,1,1,0,0,1,0,0,1,1,0,0,1,0,1,1,0,0,0
MB-5497,237.5,0,26.81,1,0.6177606177606176,3.0,0.0,0.1111111111111111,0.2353754030400737,0.10614525139664806,0.0,1,0,0,1,1,1,1,0,1,0,0,1,0,1,0,0,1,0,0,1,0,0,0
MB-5498,225.1666667,0,222.2,0,0.5396825396825395,3.0,0.0,0.1111111111111111,0.4633809304467988,0.07821229050279331,0.0,1,0,0,1,1,1,1,0,0,1,1,0,0,1,0,0,0,1,0,0,0,0,1
MB-5499,123.73333329999998,0,122.11,0,0.5597025597025596,3.0,0.0,0.08888888888888889,0.005066789497927271,0.10614525139664806,0.0,0,1,0,0,1,1,1,1,0,0,0,0,1,1,0,0,1,0,1,0,1,0,0
MB-5502,189.7333333,0,187.24,0,0.36121836121836115,3.0,0.0,0.13333333333333333,0.23906034085674815,0.15083798882681565,0.3333333333333333,1,1,0,0,1,1,1,0,1,0,0,0,1,1,0,0,0,0,0,1,0,0,0
MB-5511,158.9666667,0,156.88,0,0.3978263978263977,3.0,0.0,0.2666666666666667,0.4656840165822202,0.10614525139664806,0.0,1,1,0,0,1,0,0,0,0,1,0,0,1,1,0,0,0,0,1,0,0,1,0
MB-5513,36.63333333,1,34.51,1,0.8607178607178606,3.0,0.0975609756097561,0.13333333333333333,0.7001381851681252,0.1564245810055866,0.3333333333333333,0,0,1,0,1,1,1,0,1,0,0,1,0,1,1,0,1,0,1,1,0,0,0
MB-5514,182.9,0,180.49,0,0.5303875303875303,3.0,0.024390243902439025,0.0,0.4656840165822202,0.10614525139664806,0.3333333333333333,1,1,0,0,1,1,1,0,1,0,0,0,1,1,1,0,1,0,0,0,1,0,0
MB-5518,30.86666667,1,22.34,1,0.6582296582296582,3.0,0.024390243902439025,0.06666666666666667,0.6959926301243666,0.10614525139664806,0.3333333333333333,1,1,0,0,1,1,1,0,0,1,0,0,1,1,1,0,0,0,0,1,0,0,0
MB-5521,124.8,0,123.16,0,0.6136136136136134,3.0,0.0,0.2,0.47719944725932745,0.2458100558659218,0.3333333333333333,1,1,0,0,1,1,1,0,0,1,0,0,1,1,1,0,0,1,0,1,0,0,0
MB-5526,151.06666669999998,0,149.08,0,0.2725582725582725,3.0,0.0,0.2,0.4656840165822202,0.10614525139664806,0.0,1,1,0,0,1,0,0,0,0,1,0,0,1,1,0,1,1,1,0,0,0,1,0
MB-5529,14.8,1,10.56,1,0.198055198055198,3.0,0.04878048780487805,0.08888888888888889,0.7029018885306311,0.1899441340782123,0.3333333333333333,1,1,0,0,0,0,0,0,0,1,0,0,1,1,0,1,0,1,0,0,0,1,0
MB-5530,185.9333333,0,183.49,0,0.3467753467753467,3.0,0.04878048780487805,0.1111111111111111,0.698295716259788,0.1340782122905028,0.3333333333333333,0,0,1,0,1,1,1,0,0,1,0,0,1,1,1,0,0,0,1,1,0,0,0
MB-5531,183.9666667,0,181.55,0,0.5748605748605748,3.0,0.0,0.13333333333333333,0.2330723169046522,0.07821229050279331,0.0,1,1,0,0,1,0,0,0,1,0,0,0,1,1,0,0,1,1,0,0,0,1,0
MB-5532,79.86666667,1,66.18,1,0.619190619190619,3.0,0.04878048780487805,0.04444444444444444,0.470290188853063,0.16201117318435757,0.3333333333333333,0,1,0,0,1,1,1,0,1,0,1,0,0,1,1,0,1,1,1,1,0,0,0
MB-5534,79.1,1,42.6,1,0.7683397683397682,3.0,0.24390243902439024,0.06666666666666667,0.698295716259788,0.1340782122905028,0.6666666666666667,0,0,0,1,1,1,1,0,1,0,0,0,1,1,1,0,0,1,0,0,0,1,0
MB-5535,120.1333333,1,83.32,1,0.33619333619333613,3.0,0.0975609756097561,0.08888888888888889,0.9272224781206815,0.11731843575418996,0.3333333333333333,0,1,0,0,0,0,0,0,0,1,1,0,0,0,1,1,0,1,0,0,0,0,1
MB-5541,200.1333333,0,57.99,1,0.4829114829114829,3.0,0.0,0.06666666666666667,0.2353754030400737,0.10614525139664806,0.0,1,0,0,1,1,1,1,0,1,0,1,0,0,1,1,0,0,0,0,0,1,0,0
MB-5543,34.43333333,1,33.98,0,0.7543257543257541,3.0,0.0,0.15555555555555556,0.47489636112390604,0.21787709497206706,0.3333333333333333,1,0,1,0,1,1,1,0,0,1,0,1,0,1,1,0,0,0,1,0,1,0,0
MB-5547,98.56666667,0,97.27,0,0.239096239096239,3.0,0.024390243902439025,0.08888888888888889,0.7005988023952094,0.16201117318435757,0.3333333333333333,1,0,0,1,0,0,0,0,0,1,0,0,1,1,0,1,1,1,0,0,0,1,0
MB-5549,88.93333333,1,67.93,1,0.407121407121407,3.0,0.04878048780487805,0.1111111111111111,0.4656840165822202,0.10614525139664806,0.3333333333333333,1,0,0,1,0,0,0,0,1,0,1,0,0,0,0,0,0,1,0,0,0,1,0
MB-5550,171.3,1,169.05,0,0.8285428285428283,3.0,0.0,0.04444444444444444,0.23813910640257946,0.13966480446927376,0.3333333333333333,0,0,0,1,1,1,1,0,1,0,0,0,1,1,1,0,0,0,1,1,0,0,0
MB-5551,182.2333333,0,179.84,0,0.5845845845845844,3.0,0.0,0.15555555555555556,0.4689083371718101,0.1452513966480447,0.3333333333333333,1,0,0,1,1,0,0,0,0,1,0,0,1,1,1,0,1,1,0,0,0,1,0
MB-5553,154.5,1,152.47,0,0.6314886314886313,3.0,0.0,0.08888888888888889,0.23998157531091674,0.16201117318435757,0.3333333333333333,0,0,1,0,1,1,1,0,1,0,0,0,1,1,1,0,1,0,1,1,0,0,0
MB-5556,225.4,0,222.43,0,0.38896038896038887,3.0,0.0,0.17777777777777778,0.4656840165822202,0.10614525139664806,0.0,1,1,0,0,1,1,1,0,0,1,0,0,1,1,1,0,1,1,0,1,0,0,0
MB-5558,25.03333333,0,24.7,0,0.12541112541112542,3.0,0.024390243902439025,0.17777777777777778,0.7213265776140028,0.4134078212290503,0.6666666666666667,0,0,1,0,0,0,0,0,0,1,1,0,0,0,0,1,1,0,1,0,0,0,1
MB-5560,186.6,0,184.14,0,0.25296725296725286,3.0,0.0,0.022222222222222223,0.2330723169046522,0.07821229050279331,0.0,1,0,0,1,1,0,0,0,1,0,0,1,0,1,0,1,1,1,0,0,0,1,0
MB-5562,102.9666667,1,41.28,1,0.6802516802516801,3.0,0.0,0.022222222222222223,0.2330723169046522,0.07821229050279331,0.0,1,0,0,1,1,1,1,0,1,0,0,0,1,1,0,0,0,0,0,1,0,0,0
MB-5565,194.1,1,191.55,0,0.542113542113542,3.0,0.04878048780487805,0.04444444444444444,0.7005988023952094,0.16201117318435757,0.3333333333333333,1,1,0,0,0,0,0,0,0,1,0,0,1,1,1,0,0,0,0,0,0,1,0
MB-5571,153.8666667,1,66.74,1,0.7504647504647505,3.0,0.024390243902439025,0.08888888888888889,0.4679871027176416,0.1340782122905028,0.3333333333333333,0,1,0,0,1,1,1,0,1,0,0,0,1,1,1,0,0,0,1,0,1,0,0
MB-5575,117.6666667,1,116.12,0,0.3756613756613756,3.0,0.0,0.04444444444444444,0.2353754030400737,0.10614525139664806,0.0,1,1,0,0,1,1,1,0,1,0,0,0,1,1,1,0,0,0,0,1,0,0,0
MB-5580,71.63333333,1,70.69,0,0.6995566995566994,3.0,0.0,0.17777777777777778,0.23767848917549522,0.1340782122905028,0.3333333333333333,0,0,0,1,1,1,1,0,1,0,0,0,1,1,1,0,0,0,1,0,1,0,0
MB-5582,222.3333333,0,219.41,0,0.2870012870012869,3.0,0.0,0.1111111111111111,0.23076923076923078,0.05027932960893855,0.0,1,0,0,1,1,1,1,0,1,0,0,0,1,1,0,1,0,0,0,0,1,0,0
MB-5583,111.3666667,0,109.9,0,0.3487773487773487,3.0,0.0,0.04444444444444444,0.23353293413173654,0.08379888268156425,0.0,1,0,0,1,1,1,1,0,1,0,0,0,1,1,0,0,0,0,0,0,1,0,0
MB-5584,91.1,1,89.9,0,0.6176176176176175,3.0,0.0,0.488888888888889,0.4656840165822202,0.10614525139664806,0.0,1,1,0,0,1,1,1,0,0,1,0,0,1,1,1,0,0,1,1,1,0,0,0
MB-5590,17.83333333,0,17.6,0,0.5515515515515516,3.0,0.0,0.24444444444444444,0.46844771994472584,0.13966480446927376,0.3333333333333333,1,0,0,1,1,1,1,0,0,1,0,0,1,1,1,0,1,0,1,1,0,0,0
MB-5597,32.73333333,1,32.3,0,0.7009867009867009,3.0,0.024390243902439025,0.15555555555555556,0.470290188853063,0.16201117318435757,0.3333333333333333,0,0,0,1,1,1,1,0,1,0,1,0,0,1,1,0,0,0,1,0,1,0,0
MB-5604,145.6333333,0,143.72,0,0.5794365794365792,3.0,0.04878048780487805,0.08888888888888889,0.4679871027176416,0.1340782122905028,0.3333333333333333,1,1,0,0,1,1,1,0,1,0,1,0,0,1,1,0,1,0,0,1,0,0,0
MB-5605,123.7,0,122.07,0,0.2003432003432003,3.0,0.0,0.06666666666666667,0.23767848917549522,0.1340782122905028,0.3333333333333333,1,1,0,0,1,1,1,0,1,0,0,1,0,1,0,1,1,0,0,1,0,0,0
MB-5613,212.3666667,1,209.57,0,0.7700557700557699,3.0,0.024390243902439025,0.13333333333333333,0.47950253339474896,0.2737430167597765,0.6666666666666667,1,1,0,0,1,1,1,0,1,0,0,0,1,1,1,0,0,0,1,1,0,0,0
MB-5614,116.4333333,1,82.63,1,0.522093522093522,3.0,0.0,0.17777777777777778,0.46430216490096726,0.0893854748603352,0.0,1,0,1,0,1,1,1,0,0,1,1,0,0,1,0,0,0,0,0,0,1,0,0
MB-5616,180.6333333,0,178.26,0,0.21693121693121686,3.0,0.0975609756097561,0.04444444444444444,0.926301243666513,0.10614525139664806,0.3333333333333333,1,0,0,1,0,0,0,0,0,1,0,0,1,1,0,1,0,1,0,0,0,1,0
MB-5617,128.2,1,126.51,0,0.7903617903617902,3.0,0.024390243902439025,0.022222222222222223,0.4712114233072317,0.17318435754189945,0.3333333333333333,1,1,0,0,1,1,1,0,1,0,0,0,1,1,1,0,1,0,0,0,1,0,0
MB-5622,182.9333333,0,180.53,0,0.5223795223795223,3.0,0.0,0.06666666666666667,0.4670658682634731,0.1229050279329609,0.3333333333333333,1,1,0,0,1,1,1,0,0,1,0,0,1,1,1,0,0,0,0,1,0,0,0
MB-5623,137.8,1,135.99,0,0.26640926640926643,3.0,0.0,0.24444444444444444,0.2353754030400737,0.10614525139664806,0.0,0,1,0,0,1,1,1,0,1,0,0,0,1,1,1,1,1,0,1,1,0,0,0
MB-5626,82.96666667,0,81.88,0,0.6776776776776775,3.0,0.12195121951219512,0.06666666666666667,0.6959926301243666,0.10614525139664806,0.3333333333333333,0,1,0,0,1,1,1,0,1,0,0,0,1,1,1,0,1,1,0,0,1,0,0
MB-5632,38.16666667,1,19.7,1,0.7463177463177461,3.0,0.0975609756097561,0.08888888888888889,0.7029018885306311,0.1899441340782123,0.3333333333333333,0,1,0,0,1,1,1,0,1,0,1,0,0,1,1,0,0,1,0,1,0,0,0
MB-5633,35.03333333,1,29.28,1,0.5196625196625196,3.0,0.17073170731707318,0.022222222222222223,0.9309074159373558,0.16201117318435757,0.6666666666666667,0,0,0,1,0,0,0,0,0,1,0,0,1,1,0,0,0,1,0,0,0,1,0
MB-5634,62.9,1,54.8,1,0.4171314171314171,3.0,0.0,0.06666666666666667,0.470290188853063,0.16201117318435757,0.3333333333333333,0,1,0,0,1,0,0,0,0,1,0,0,1,1,0,0,1,1,1,0,0,1,0
MB-5635,21.06666667,1,9.93,1,0.44101244101244097,3.0,0.0,0.15555555555555556,0.2330723169046522,0.07821229050279331,0.0,1,1,0,0,1,1,1,0,1,0,1,0,0,1,1,0,1,1,0,0,1,0,0
MB-5638,195.7,1,193.13,0,0.5545545545545545,3.0,0.0,0.04444444444444444,0.2353754030400737,0.10614525139664806,0.0,1,0,0,1,1,1,1,0,1,0,0,0,1,1,1,0,0,0,0,1,0,0,0
MB-5640,172.3,0,170.03,0,0.45245245245245236,3.0,0.0,0.08888888888888889,0.2266236757254721,0.0,0.0,0,0,1,0,1,1,1,0,1,0,0,0,1,1,0,0,0,0,1,0,1,0,0
MB-5641,181.8666667,0,179.47,0,0.7476047476047475,3.0,0.0,0.04444444444444444,0.46660525103638867,0.11731843575418996,0.3333333333333333,1,0,1,0,1,1,1,0,0,1,0,1,0,1,1,0,0,0,0,1,0,0,0
MB-5642,156.8,1,154.74,0,0.5973115973115971,3.0,0.024390243902439025,0.06666666666666667,0.4721326577614004,0.18435754189944134,0.6666666666666667,0,0,0,1,1,1,1,0,1,0,0,0,1,1,1,0,0,0,0,0,1,0,0
MB-5645,22.23333333,1,21.94,0,0.6427856427856428,3.0,0.0,0.1111111111111111,0.2353754030400737,0.10614525139664806,0.0,1,1,0,0,1,1,1,0,1,0,0,0,1,1,1,0,1,0,0,0,1,0,0
MB-5647,30.8,1,30.39,0,0.5587015587015587,3.0,0.2682926829268293,0.08888888888888889,0.9332105020727774,0.1899441340782123,0.3333333333333333,0,1,0,0,1,1,1,0,0,1,0,0,1,1,1,0,1,1,0,1,0,0,0
MB-5652,104.6666667,1,103.29,0,0.6061776061776061,3.0,0.0,0.13333333333333333,0.4633809304467988,0.07821229050279331,0.0,1,0,0,1,1,0,1,0,0,1,1,0,0,1,1,0,0,1,0,0,0,1,0
MB-5653,194.6,0,192.04,0,0.49134849134849123,3.0,0.0,0.1111111111111111,0.4679871027176416,0.1340782122905028,0.3333333333333333,0,1,0,0,1,1,1,0,0,1,0,0,1,1,1,0,0,1,1,1,0,0,0
MB-5655,191.8,0,189.28,0,0.5893035893035891,3.0,0.0,0.17777777777777778,0.4679871027176416,0.1340782122905028,0.3333333333333333,0,1,0,0,1,0,0,0,0,1,0,0,1,1,1,0,1,1,1,0,0,1,0
MB-5656,126.4,1,24.64,1,0.692120692120692,3.0,0.0,0.22222222222222224,0.23353293413173654,0.08379888268156425,0.0,0,0,1,0,1,1,1,0,1,0,0,0,1,1,0,0,0,0,1,0,1,0,0
